"price","area","rooms","address","part"
1168,118,4,"Bremer Straße 20, Innenstadt, Dortmund","Innenstadt"
406,58,2.5,"In den Weidbüschen 17, Brechten, Dortmund","Brechten"
362.1,71,3.5,"Liethschulteweg 8, Derne, Dortmund","Derne"
385,70,3,"Limbecker Straße 100, Lütgendortmund, Dortmund","Lütgendortmund"
500,55,2,"Hansastraße 72, Innenstadt, Dortmund","Innenstadt"
410,53,2,"Niederhofen, Dortmund","Niederhofen"
1150,129.25,4,"Middelhof 7, Wellinghofen, Dortmund","Wellinghofen"
379,49.23,2,"Nollendorfplatz 9A, Eving, Dortmund","Eving"
349,49.77,3,"Nollendorfplatz 11, Eving, Dortmund","Eving"
329,48.45,2.5,"Im Orde 38, Bodelschwingh, Dortmund","Bodelschwingh"
360,54.85,2,"Mamertusstr. 32, Huckarde, Dortmund","Huckarde"
389,47.18,2,"Aspeystr. 48, Huckarde, Dortmund","Huckarde"
449,59.06,3.5,"Aspeystr. 33, Huckarde, Dortmund","Huckarde"
319,51.2,2.5,"Ammerstr. 78, Nette, Dortmund","Nette"
155,29.54,1,"Münsterstraße 77, Innenstadt, Dortmund","Innenstadt"
412,58.83,2.5,"Blenkerweg 32, Wellinghofen, Dortmund","Wellinghofen"
495.63,81.25,3.5,"Am Bellwinkelhof 43, Scharnhorst, Dortmund","Scharnhorst"
1170,110.24,3,"Hörde, Dortmund","Hörde"
408.27,66.93,2.5,"Am Bellwinkelhof 41, Scharnhorst, Dortmund","Scharnhorst"
855,90,3,"Kaiser Str. 19, Innenstadt, Dortmund","Innenstadt"
362.82,60.47,3.5,"Lünener Straße 4, Innenstadt, Dortmund","Innenstadt"
405,57.6,2.5,"Tiefe Straße 26, Innenstadt, Dortmund","Innenstadt"
381,55.96,3.5,"Innsbruckstraße 53, Eving, Dortmund","Eving"
370.5,57,2,"Aplerbeck, Dortmund","Aplerbeck"
455,65,3.5,"Nierstefeldstraße 1, Derne, Dortmund","Derne"
341.55,40.71,1.5,"Schimmelreiterweg 3, Brechten, Dortmund","Brechten"
590,70,3,"Kaiserstraße 29, Innenstadt, Dortmund","Innenstadt"
1645.25,131.62,3.5,"Hohle Eiche 24a, Kirchhörde, Dortmund","Kirchhörde"
300,28,1,"Rheinlandamm 6, Innenstadt, Dortmund","Innenstadt"
910,107.3,4,"Bittermarkstraße 43, Bittermark, Dortmund","Bittermark"
348,58,2,"Brunnenstr. 24, Innenstadt, Dortmund","Innenstadt"
300,49,2,"Dorotheenstr. 8, Innenstadt, Dortmund","Innenstadt"
468,66.9,3,"Mallinckrodtstr. 188, Innenstadt, Dortmund","Innenstadt"
510,42,2,"Weissenburger Str. 5, Innenstadt, Dortmund","Innenstadt"
450,70,3,"Baroper Bahnhofstraße 11, Barop, Dortmund","Barop"
378,63,3.5,"Bennostr. 21, Bövinghausen, Dortmund","Bövinghausen"
414.81,78,3,"Vogelpothsweg 36, Dorstfeld, Dortmund","Dorstfeld"
381.37,67,3,"Rauschenbuschstraße 4, Wickede, Dortmund","Wickede"
422.69,66,3,"Polliusweg 3, Wickede, Dortmund","Wickede"
369,57,2,"Rinscheweg 8, Wickede, Dortmund","Wickede"
323.3,55,2,"Gudrunstraße 143, Wickede, Dortmund","Wickede"
388.55,70,3,"Peschweg 37, Scharnhorst, Dortmund","Scharnhorst"
395.15,70,3,"Littweg 17, Scharnhorst, Dortmund","Scharnhorst"
513,75.99,3,"Damaschkestraße 19, Wambel, Dortmund","Wambel"
448.12,52.5,2,"Heimbaustr. 43, Innenstadt, Dortmund","Innenstadt"
470,68,2.5,"In der Oeverscheidt 144, Oespel, Dortmund","Oespel"
530,87.44,3,"Kuckelke 20, Innenstadt, Dortmund","Innenstadt"
425,65.44,3,"Kuckelke 20, Innenstadt, Dortmund","Innenstadt"
290,34.55,1,"Sonnenstraße 112, Innenstadt, Dortmund","Innenstadt"
315.38,61,2.5,"Provinzialstr. 240 a, Lütgendortmund, Dortmund","Lütgendortmund"
510,78.4,2,"Sölde, Dortmund","Sölde"
1930,297,7,"Olpketalstrasse 37, Lücklemberg, Dortmund","Lücklemberg"
650,83,2,"Eichhoffstrasse 37, Löttringhausen, Dortmund","Löttringhausen"
290,38,2,"Mallinckrodtstraße 26-28, Innenstadt, Dortmund","Innenstadt"
510,73,3,"Traddeweg 1, Schüren, Dortmund","Schüren"
865,79,3,"Bremer Straße 14, Innenstadt, Dortmund","Innenstadt"
1600,158,4,"Kirchhörde, Dortmund","Kirchhörde"
685,68.5,2,"Kirchhörde, Dortmund","Kirchhörde"
500,87,3,"Am Amtshaus 26, Mengede, Dortmund","Mengede"
335,62,4,"Rahmer Straße 16, Huckarde, Dortmund","Huckarde"
450,70.99,3,"Güntherstr. 40, Innenstadt, Dortmund","Innenstadt"
1990,195,3,"Olpketalstraße 123, Lücklemberg, Dortmund","Lücklemberg"
320,53,2,"Köln-Berliner Straße 112, Aplerbeck, Dortmund","Aplerbeck"
321.26,63.57,2,"Mallinckrodtstraße 133, Innenstadt, Dortmund","Innenstadt"
505,81,3.5,"Körner Grund 6, Körne, Dortmund","Körne"
390,78,3,"Gleiwitzstr. 267, Scharnhorst, Dortmund","Scharnhorst"
500,75,3.5,"Wambeler Hellweg 42, Wambel, Dortmund","Wambel"
600,35,1.5,"Düsseldorfer Straße 12, Innenstadt, Dortmund","Innenstadt"
1400,129,3,"Ostwall 56, Innenstadt, Dortmund","Innenstadt"
550,51,2,"Ostwall 56, Innenstadt, Dortmund","Innenstadt"
1200,136,5,"Hagener Straße 231, Kirchhörde, Dortmund","Kirchhörde"
1200,125,4.5,"Weisbachstr. 2, Innenstadt, Dortmund","Innenstadt"
790,100,2.5,"Hörde, Dortmund","Hörde"
1050,135,4,"Höchsten, Dortmund","Höchsten"
390,65,3,"Igelweg 15, Berghofen, Dortmund","Berghofen"
330,40,1,"Friedenstrasse 29, Innenstadt, Dortmund","Innenstadt"
950,107,2.5,"Stangefolstr. 18, Hörde, Dortmund","Hörde"
545,68,2,"Domänenstr. 10, Hombruch, Dortmund","Hombruch"
852,94.7,3.5,"Redtenbacher Str. 27, Innenstadt, Dortmund","Innenstadt"
1650,160,3,"Wichlinghofen, Dortmund","Wichlinghofen"
490,79.41,4,"Ordalweg 7, Brackel, Dortmund","Brackel"
445,70,2,"Wischlingen, Dortmund","Wischlingen"
600,96,3,"Ermlinghofer Straße  19, Hörde, Dortmund","Hörde"
850,89.39,3,"Rolevinckstr. 18, Schüren, Dortmund","Schüren"
635,86.43,3,"Ostwall 29, Innenstadt, Dortmund","Innenstadt"
439,58.1,3,"Schragmüllerstr. 31, Oestrich, Dortmund","Oestrich"
413.34,67.54,3.5,"Dohlenstr. 3, Oestrich, Dortmund","Oestrich"
379,55.65,3,"Quakmannsweg 2, Bodelschwingh, Dortmund","Bodelschwingh"
349,47.31,2.5,"Rübezahlweg 8, Kemminghausen, Dortmund","Kemminghausen"
321.08,52.65,3.5,"Alter Heideweg 35, Kemminghausen, Dortmund","Kemminghausen"
359,38.92,3.5,"Volmarsteiner Str. 13, Innenstadt, Dortmund","Innenstadt"
429,57.4,3.5,"Rübezahlweg 6, Kemminghausen, Dortmund","Kemminghausen"
375,52.65,3.5,"Alter Heideweg 37, Kemminghausen, Dortmund","Kemminghausen"
349,52.33,3.5,"Märchenweg 27, Eving, Dortmund","Eving"
320.5,52.33,3.5,"Spenhofweg 17, Eving, Dortmund","Eving"
340.56,53,2.5,"Alter Heideweg 30, Eving, Dortmund","Eving"
265.23,45.79,2.5,"Alter Heideweg 26, Eving, Dortmund","Eving"
279,42.86,2,"Hartwinkel 2, Eving, Dortmund","Eving"
349,49.48,2.5,"Kuntzestr. 2, Hombruch, Dortmund","Hombruch"
949,88.58,3,"Metzer Str. 40, Innenstadt, Dortmund","Innenstadt"
349,49.28,3.5,"Fröbelweg 12, Eving, Dortmund","Eving"
390,52.33,3.5,"Vossloh 10, Nette, Dortmund","Nette"
239,41.54,1.5,"Teinerstr. 6, Marten, Dortmund","Marten"
219,37.67,1,"Teinerstr. 6, Marten, Dortmund","Marten"
794,65.72,2.5,"Vorwärtsstr. 8, Innenstadt, Dortmund","Innenstadt"
449,53.86,3,"Am Rode 103, Dorstfeld, Dortmund","Dorstfeld"
349,43.65,2.5,"Am Rode 101, Dorstfeld, Dortmund","Dorstfeld"
329,50.5,2.5,"Alter Heideweg 17, Eving, Dortmund","Eving"
377.93,52.49,2.5,"Grazstr. 11, Eving, Dortmund","Eving"
319,47.07,2,"Körnerstr. 16, Eving, Dortmund","Eving"
549,60.65,3.5,"Rathenaustr. 35, Hörde, Dortmund","Hörde"
429,46.76,2.5,"Metzer Str. 45, Innenstadt, Dortmund","Innenstadt"
425,54.42,3.5,"Gastkamp 5, Innenstadt, Dortmund","Innenstadt"
349,42.86,2.5,"Aspeystr. 30, Huckarde, Dortmund","Huckarde"
345,45,2,"Gneisenaustr 67, Innenstadt, Dortmund","Innenstadt"
330,55,2,"Drechslerweg 7, Lanstrop, Dortmund","Lanstrop"
355,65.44,3,"Hafnerstr. 12, Lanstrop, Dortmund","Lanstrop"
335,62,3,"Büttnerstr. 38, Lanstrop, Dortmund","Lanstrop"
330,55,2,"Kürschnerweg 5, Lanstrop, Dortmund","Lanstrop"
453,85,2,"Krinkelweg 22, Holzen, Dortmund","Holzen"
599,90,3,"Rheinische Str. 54, Innenstadt, Dortmund","Innenstadt"
460,84,3,"Mengede, Dortmund","Mengede"
360,59,2,"Ehmsenstraße 33, Berghofen, Dortmund","Berghofen"
790,112,3,"Heiliger Weg  46, Innenstadt, Dortmund","Innenstadt"
471,56,2,"Schleswiger Str. 18, Innenstadt, Dortmund","Innenstadt"
1065,168,3,"Hagener Str. 374, Kirchhörde, Dortmund","Kirchhörde"
500,67,4,"Lortzingstr. 21, Innenstadt, Dortmund","Innenstadt"
427.17,81.93,3.5,"Martener Str. 446, Marten, Dortmund","Marten"
335,54.02,3,"Thoniesstr. 1, Kirchlinde, Dortmund","Kirchlinde"
329,42.01,2,"Krellstr. 1, Huckarde, Dortmund","Huckarde"
355,45.18,2.5,"Varziner Str. 117, Huckarde, Dortmund","Huckarde"
1920,160,3,"Hafenpromenade 1-2, Hörde, Dortmund","Hörde"
800,93,2,"Bismarckstr. 45, Innenstadt, Dortmund","Innenstadt"
332.52,76.08,3.5,"Butzstr. 44, Nette, Dortmund","Nette"
1104,106,3,"Hermannstraße 163 - 167, Hörde, Dortmund","Hörde"
246.11,56.97,2,"Kaiserstraße 206, Innenstadt, Dortmund","Innenstadt"
365,60.68,3,"Blücherstraße 22, Innenstadt, Dortmund","Innenstadt"
577,108,3,"Wickede, Dortmund","Wickede"
520,74,3.5,"Lange Straße 92, Innenstadt, Dortmund","Innenstadt"
635,91,4,"Vorläuferweg 27, Schüren, Dortmund","Schüren"
2825,230,6,"röhrichtweg 32, Berghofen, Dortmund","Berghofen"
1515,135,4,"Röhrichtweg 32 u. 34, Berghofen, Dortmund","Berghofen"
490,57.25,3,"Wallstr. 2, Innenstadt, Dortmund","Innenstadt"
479,83,3,"Vogelpothsweg 18, Dorstfeld, Dortmund","Dorstfeld"
499,96,3,"Vogelpothsweg 14, Dorstfeld, Dortmund","Dorstfeld"
549,96,4,"Vogelpothsweg 14, Dorstfeld, Dortmund","Dorstfeld"
385,45,2,"Kirchlinde, Dortmund","Kirchlinde"
416,52,2.5,"Wischlingen, Dortmund","Wischlingen"
1245,165.9,6,"Kuckelke 20, Innenstadt, Dortmund","Innenstadt"
340,60.12,2,"Johanna-Melzer-Straße 25, Innenstadt, Dortmund","Innenstadt"
485,76,2,"Holtbrügge 66, Lücklemberg, Dortmund","Lücklemberg"
560,90.05,3.5,"Saarlandstr. 49, Innenstadt, Dortmund","Innenstadt"
655,52,2,"Köln-Berliner-Straße 39, Aplerbeck, Dortmund","Aplerbeck"
1266,115,3,"Bremer Straße 16, Innenstadt, Dortmund","Innenstadt"
1190,115,3,"Hallesche Straße 90-92, Körne, Dortmund","Körne"
880,104,3,"Hallerey 30, Dorstfeld, Dortmund","Dorstfeld"
780,130,4,"Intückenweg 9, Lichtendorf, Dortmund","Lichtendorf"
480,48,2,"Frankenstraße 6, Innenstadt, Dortmund","Innenstadt"
885,85,3,"Innenstadt, Dortmund","Innenstadt"
440,44,2,"Johannesstraße 2, Innenstadt, Dortmund","Innenstadt"
408.27,66.93,2.5,"Am Bellwinkelhof 43, Scharnhorst, Dortmund","Scharnhorst"
510,51,2.5,"Metzer Straße 16, Innenstadt, Dortmund","Innenstadt"
650,81.93,3.5,"Schüruferstraße 147, Schüren, Dortmund","Schüren"
617,92,3.5,"Otto-Brenner-Weg 5, Hombruch, Dortmund","Hombruch"
495.63,81.25,3.5,"Am Bellwinkelhof 41, Scharnhorst, Dortmund","Scharnhorst"
700,87,2,"Wittekindstraße 29, Innenstadt, Dortmund","Innenstadt"
720,100,3.5,"Flughafenstrasse 21, Brackel, Dortmund","Brackel"
480,106,4,"Hostedde, Dortmund","Hostedde"
1290,106,3.5,"Röhrichtweg 12, Berghofen, Dortmund","Berghofen"
510,61,2,"Gutenbergstraße 58, Innenstadt, Dortmund","Innenstadt"
1070,89.5,3,"Röhrichtweg 29, Berghofen, Dortmund","Berghofen"
735,98,2,"Hagener Str. 258, Kirchhörde, Dortmund","Kirchhörde"
350,45,2,"Altenderner Straße 158, Derne, Dortmund","Derne"
470,47,2,"Wißstraße 26, Innenstadt, Dortmund","Innenstadt"
340,76,3,"Steinfurtweg 21, Kirchlinde, Dortmund","Kirchlinde"
1500,160,3,"Feldbank 5, Hacheney, Dortmund","Hacheney"
972,76,2,"Kontorstraße 4, Innenstadt, Dortmund","Innenstadt"
440,44,1,"Kleppingstraße 27, Innenstadt, Dortmund","Innenstadt"
370,56.86,2.5,"Dreherstraße 13, Innenstadt, Dortmund","Innenstadt"
371,57.02,2.5,"Dreherstraße 13, Innenstadt, Dortmund","Innenstadt"
356.59,54.86,2.5,"Schlosserstraße 14, Innenstadt, Dortmund","Innenstadt"
645,70,2,"Wittbräucker Str. 568, Holzen, Dortmund","Holzen"
1296,129,4,"Kohlensiepenstraße 6, Schüren, Dortmund","Schüren"
560,77,2.5,"Sölde, Dortmund","Sölde"
1175,108,3,"Ziethenstraße 23, Innenstadt, Dortmund","Innenstadt"
1575,131,4,"Obermarkstrasse 129, Berghofen, Dortmund","Berghofen"
890,105,3,"Kronprinzenstraße 58, Innenstadt, Dortmund","Innenstadt"
790,68,2.5,"Provinzialstr. 168, Lütgendortmund, Dortmund","Lütgendortmund"
406.87,65.1,3,"Johannisborn 7, Innenstadt, Dortmund","Innenstadt"
325,48,2,"Limbecker Straße 8, Lütgendortmund, Dortmund","Lütgendortmund"
330,29.92,1.5,"Innenstadt, Dortmund","Innenstadt"
620,73,2.5,"Stockumer Str. 396, Eichlinghofen, Dortmund","Eichlinghofen"
640,95,4,"Hoher Wall 2, Innenstadt, Dortmund","Innenstadt"
895,97.6,2.5,"Baeumerstraße 15, Innenstadt, Dortmund","Innenstadt"
710,101.01,3,"Hostedder Straße 39, Hostedde, Dortmund","Hostedde"
400,30,1,"Ludwigstraße 4, Innenstadt, Dortmund","Innenstadt"
825,123,3,"Ostkirchstr 34, Berghofen, Dortmund","Berghofen"
460,49,3,"Lücklemberg, Dortmund","Lücklemberg"
385,55,2,"Huckarder Allee 39, Huckarde, Dortmund","Huckarde"
406,58,2.5,"Ortdieck 1, Brechten, Dortmund","Brechten"
510,71,3,"Oespel, Dortmund","Oespel"
280,42,2.5,"Anemonenstraße 10, Sölde, Dortmund","Sölde"
255,51,2,"Stahlwerkstraße 69, Innenstadt, Dortmund","Innenstadt"
1095,103,4,"Hörde, Dortmund","Hörde"
355,56,3.5,"Dortustraße 15, Westerfilde, Dortmund","Westerfilde"
440,68,3,"wittbräuckerstr. 393, Höchsten, Dortmund","Höchsten"
1060,106,3,"Friedenstraße 16, Innenstadt, Dortmund","Innenstadt"
330,66,2,"Hutererweg 17, Lanstrop, Dortmund","Lanstrop"
425,60,2.5,"Lütgendortmund, Dortmund","Lütgendortmund"
890,117,3,"Kirchhörder Kopf 5 c, Kirchhörde, Dortmund","Kirchhörde"
630,90,3.5,"Wellinghofer Straße 60, Hörde, Dortmund","Hörde"
470,47,2,"Schliepstraße 1, Innenstadt, Dortmund","Innenstadt"
335,56.17,2,"Provinzialstraße 7, Lütgendortmund, Dortmund","Lütgendortmund"
509,70.65,3.5,"Stempelweg 7, Schüren, Dortmund","Schüren"
429,69.04,3.5,"Markscheiderstraße 9, Schüren, Dortmund","Schüren"
500,65,2,"Innenstadt, Dortmund","Innenstadt"
1400,133,3,"Hörder Hafenstraße 6, Hörde, Dortmund","Hörde"
290,32,2,"Berghofen, Dortmund","Berghofen"
433.92,73.67,3,"Mengeder Schulstr. 53-55, Mengede, Dortmund","Mengede"
420,76,2.5,"Weißenburger Straße 61, Innenstadt, Dortmund","Innenstadt"
347,44,1,"Ostwall 12, Innenstadt, Dortmund","Innenstadt"
425,78,3.5,"Wilhelmshöh 45, Lütgendortmund, Dortmund","Lütgendortmund"
300,40,2.5,"Haydnstr. 39, Innenstadt, Dortmund","Innenstadt"
550,65,3,"Aplerbeck, Dortmund","Aplerbeck"
510,81,3,"Lübeckerstr. 8, Innenstadt, Dortmund","Innenstadt"
330,55,2,"Eving, Dortmund","Eving"
650,100,4,"Altenderner Straße 141, Derne, Dortmund","Derne"
449,55,2.5,"Huckarde, Dortmund","Huckarde"
462.3,67,2,"Wilhelm-Crüwell-Str. 15, Innenstadt, Dortmund","Innenstadt"
430,73,2,"Lütgendortmunder Str. 30, Lütgendortmund, Dortmund","Lütgendortmund"
750,67,3,"Kolmarer Straße 12, Innenstadt, Dortmund","Innenstadt"
1122,103,3,"rosenowstr. 18-20, Hörde, Dortmund","Hörde"
440,44,1,"Arndtstraße 4, Innenstadt, Dortmund","Innenstadt"
370,50,2,"Asselner Hellweg 124, Asseln, Dortmund","Asseln"
475,68,3,"Asselner Hellweg 124, Asseln, Dortmund","Asseln"
451.4,74,3.5,"Hafer-Vöhde 20, Derne, Dortmund","Derne"
360,44,2.5,"Dessauerstraße 15, Hörde, Dortmund","Hörde"
167,41.75,2,"Missundestr. 47, Innenstadt, Dortmund","Innenstadt"
480,98.8,3.5,"Schleswiger Straße 46, Innenstadt, Dortmund","Innenstadt"
750,100,4,"Innenstadt, Dortmund","Innenstadt"
540,62.85,2.5,"Schleifenstraße 77, Lindenhorst, Dortmund","Lindenhorst"
377.16,56.63,3,"Hörder Kampweg 22, Benninghofen, Dortmund","Benninghofen"
244.82,47.94,1.5,"Kronprinzenstr. 29, Innenstadt, Dortmund","Innenstadt"
469,71.7,3.5,"Hosbachstr. 4, Aplerbeck, Dortmund","Aplerbeck"
449,70.04,3.5,"Hosbachstr. 8, Aplerbeck, Dortmund","Aplerbeck"
299,45.33,2.5,"Eugen-Richter-Str. 25, Nette, Dortmund","Nette"
310.15,58.62,2,"Von-der-Tann-Straße 34, Innenstadt, Dortmund","Innenstadt"
332,51,2,"Lütgendortmunder Str. 101, Lütgendortmund, Dortmund","Lütgendortmund"
500,83,3,"Alter Mühlenweg 10, Innenstadt, Dortmund","Innenstadt"
350,35,1.5,"Düsseldorfer Straße 12, Innenstadt, Dortmund","Innenstadt"
309,49,3,"Hörder Bruch Hörder Bruch 47, Hörde, Dortmund","Hörde"
400,57,2,"Rheinische Str. 27, Innenstadt, Dortmund","Innenstadt"
220,35,2,"Wickede, Dortmund","Wickede"
580,101,3,"Mengeder Straße 700, Mengede, Dortmund","Mengede"
369.34,70.35,3.5,"Steinwertweg 4, Wickede, Dortmund","Wickede"
395,47,2,"Johannesstraße 33, Innenstadt, Dortmund","Innenstadt"
1260,110,4,"Friedrichstraße 33, Innenstadt, Dortmund","Innenstadt"
355,64.46,3.5,"Wambeler Heide 16a, Scharnhorst, Dortmund","Scharnhorst"
345,66.86,3,"Gössingstraße 40, Wickede, Dortmund","Wickede"
375,73.45,3,"Gössingstraße 40, Wickede, Dortmund","Wickede"
550.48,68.81,3.5,"Erlenbachstr. 124, Berghofen, Dortmund","Berghofen"
331.68,76.25,3.5,"Adelhartweg 8, Nette, Dortmund","Nette"
345,69,3.5,"Albert-Schweitzer-Weg 25, Rahm, Dortmund","Rahm"
350,69,3.5,"Albert-Schweitzer-Weg 11, Rahm, Dortmund","Rahm"
329,43.12,3,"Boberstr. 9, Aplerbeck, Dortmund","Aplerbeck"
388.73,70.55,3,"Max-Brod-Straße 16, Scharnhorst, Dortmund","Scharnhorst"
372.23,76.14,3,"Severingstraße 3, Scharnhorst, Dortmund","Scharnhorst"
378.91,68,3,"Polliusweg 2, Wickede, Dortmund","Wickede"
350,46,2,"Kirchhörde, Dortmund","Kirchhörde"
530,88.3,3.5,"Kaiserstraße 52, Innenstadt, Dortmund","Innenstadt"
420,59.97,2,"Felkestraße 21, Wambel, Dortmund","Wambel"
331.74,75,3,"Bandelstraße 19, Dorstfeld, Dortmund","Dorstfeld"
229,40,1,"Schramweg 7, Schüren, Dortmund","Schüren"
314,56,2.5,"Wellinghofer Str 67, Hörde, Dortmund","Hörde"
413,68.97,2,"Rittershausstraße 64, Innenstadt, Dortmund","Innenstadt"
264,58.08,3,"Wickeder Hellweg 146, Wickede, Dortmund","Wickede"
1485,135,4,"Kirchhörde, Dortmund","Kirchhörde"
370,58.7,2,"Huestraße 82, Hörde, Dortmund","Hörde"
500,50,2,"Schützenstr. 72, Innenstadt, Dortmund","Innenstadt"
341.89,61,2,"Sckellstraße 30, Innenstadt, Dortmund","Innenstadt"
1100,102.97,4,"Rudolf-Platte-Weg 16, Hörde, Dortmund","Hörde"
349.06,54.54,3,"Dörwerstraße 61, Nette, Dortmund","Nette"
399,56.92,2.5,"Mahlscheidt 4, Oestrich, Dortmund","Oestrich"
327.4,76.67,3.5,"Winterkamp 2, Holzen, Dortmund","Holzen"
599,78,3.5,"Am Bahnhof Tierpark 40, Renninghausen, Dortmund","Renninghausen"
529,70.66,3,"Brechtener Heide 113, Brechten, Dortmund","Brechten"
419,72,3,"Steiermarkstr. 49, Eving, Dortmund","Eving"
459,71.46,3.5,"Hosbachstr. 12, Aplerbeck, Dortmund","Aplerbeck"
449,63.61,3,"Auf dem Brauck 103, Oestrich, Dortmund","Oestrich"
399,47.22,2.5,"Fine Frau 45, Dorstfeld, Dortmund","Dorstfeld"
339,41.94,3,"Gitschiner Str. 39, Eving, Dortmund","Eving"
349,48.45,2.5,"Im Orde 40, Bodelschwingh, Dortmund","Bodelschwingh"
430,62.61,2.5,"Mamertusstr. 13, Huckarde, Dortmund","Huckarde"
320,51,2,"Huestraße 86, Hörde, Dortmund","Hörde"
1250,127.89,5,"Rudolf-Platte-Weg 16, Hörde, Dortmund","Hörde"
1090,111.87,4,"Rudolf-Platte-Weg 16, Hörde, Dortmund","Hörde"
640,63.47,2,"Rudolf-Platte-Weg 16, Hörde, Dortmund","Hörde"
420,68,3.5,"Lützowstr. 90, Innenstadt, Dortmund","Innenstadt"
930,99.35,3,"Hörder-Bach-Allee 15, Hörde, Dortmund","Hörde"
445,67.76,3,"Bienenstr. 2, Asseln, Dortmund","Asseln"
370,59,3.5,"Thranestrasse 64, Brackel, Dortmund","Brackel"
450,75,3.5,"Mengede, Dortmund","Mengede"
340,52,3,"Lütgendortmund, Dortmund","Lütgendortmund"
340,73.52,3,"Brechtstraße 1, Scharnhorst, Dortmund","Scharnhorst"
360,59,3,"Innenstadt, Dortmund","Innenstadt"
415,59,3,"Innenstadt, Dortmund","Innenstadt"
335,33,1,"Wittener Straße 299, Dorstfeld, Dortmund","Dorstfeld"
494,54,2.5,"Paradiesstrasse im Rittergut Haus Sölde 18, Sölde, Dortmund","Sölde"
680,94,3,"Hohensyburgstr. 187b, Syburg, Dortmund","Syburg"
390,76,3,"Dorstfelder Hellweg 108, Dorstfeld, Dortmund","Dorstfeld"
286.72,64,3,"Grotenbachstr. 56, Hombruch, Dortmund","Hombruch"
519,79.93,3,"Am Sturmwald 2a, Menglinghausen, Dortmund","Menglinghausen"
335,45.78,2,"Am Sturmwald 16, Menglinghausen, Dortmund","Menglinghausen"
369,56.92,2,"Am Sturmwald 4b, Menglinghausen, Dortmund","Menglinghausen"
334.01,81,3,"Fohlenkampstraße 26a, Kurl, Dortmund","Kurl"
343.41,81,3,"Fohlenkampstraße 26a, Kurl, Dortmund","Kurl"
409,46.5,2.5,"Binsengarten 10, Hörde, Dortmund","Hörde"
469,53.29,3,"Wahrbuschstraße 34, Hörde, Dortmund","Hörde"
369,38.74,2,"Unverhofftstraße 20, Hörde, Dortmund","Hörde"
266.91,40.32,2,"Totilastraße 19, Huckarde, Dortmund","Huckarde"
309,63.01,2,"Totilastraße 10, Huckarde, Dortmund","Huckarde"
340.48,57.48,2.5,"Totilastraße 9, Huckarde, Dortmund","Huckarde"
389,60.8,3.5,"Lippmannstraße 16, Rahm, Dortmund","Rahm"
360,59.43,3,"Lippmannstraße 14, Rahm, Dortmund","Rahm"
369,55.77,3.5,"Lippmannstraße 3, Rahm, Dortmund","Rahm"
359,55.02,3.5,"Bergiusstraße 12, Rahm, Dortmund","Rahm"
256.04,43.47,2,"Speckestraße 18, Bodelschwingh, Dortmund","Bodelschwingh"
499,78.25,3,"Kiepeweg 9, Westerfilde, Dortmund","Westerfilde"
479,70,3.5,"Kiepeweg 22, Westerfilde, Dortmund","Westerfilde"
369,72,3,"Kiepeweg 12, Westerfilde, Dortmund","Westerfilde"
403.2,72,3,"Kiepeweg 12, Westerfilde, Dortmund","Westerfilde"
499.24,78.25,3,"Mosselde 10, Westerfilde, Dortmund","Westerfilde"
529,78.25,3,"Mosselde 8, Westerfilde, Dortmund","Westerfilde"
343,53.64,3.5,"Erdmannstraße 6, Nette, Dortmund","Nette"
330.22,51.84,3.5,"Erdmannstraße 18, Nette, Dortmund","Nette"
329,53.84,3,"Brinkmannstraße 1, Nette, Dortmund","Nette"
330,45.16,1,"Passweg 28, Oestrich, Dortmund","Oestrich"
419,56.92,2,"Passweg 28, Oestrich, Dortmund","Oestrich"
319,45.01,1,"Mahlscheidt 8, Oestrich, Dortmund","Oestrich"
302,45.16,1,"Mahlscheidt 6, Oestrich, Dortmund","Oestrich"
669,77.01,3.5,"Mallinckrodtstr. 130, Innenstadt, Dortmund","Innenstadt"
392.35,77,3.5,"Hofgerichtsweg 20, Brackel, Dortmund","Brackel"
599,80,3,"Am Bahnhof Tierpark 40, Renninghausen, Dortmund","Renninghausen"
679,91,4.5,"Am Bahnhof Tierpark 20, Renninghausen, Dortmund","Renninghausen"
519,78,3.5,"Rahestr. 14A, Brackel, Dortmund","Brackel"
519,57.2,3,"Rathenaustr. 41, Hörde, Dortmund","Hörde"
429,56.11,3.5,"Phönixstr. 22, Hörde, Dortmund","Hörde"
349,58.13,2.5,"Stürzelbreite 10, Oestrich, Dortmund","Oestrich"
324,40.51,2,"Bredowstr. 18A, Neuasseln, Dortmund","Neuasseln"
465,77,3.5,"Bekassinenweg 4, Berghofen, Dortmund","Berghofen"
429,70,2.5,"Bekassinenweg 8, Berghofen, Dortmund","Berghofen"
336.57,75.6,3.5,"Adelhartweg 1, Nette, Dortmund","Nette"
359,63.65,2.5,"Butzstr. 17, Nette, Dortmund","Nette"
293,51.58,1.5,"Butzstr. 17, Nette, Dortmund","Nette"
335.1,75.88,3.5,"Ritsartweg 7, Nette, Dortmund","Nette"
239.34,40.31,2.5,"Thüringer Str. 17, Eving, Dortmund","Eving"
296.35,49.09,2.5,"Thüringer Str. 24, Eving, Dortmund","Eving"
280.79,49.48,3,"Richterstr. 11, Bodelschwingh, Dortmund","Bodelschwingh"
233.79,40,1.5,"Richterstr. 11, Bodelschwingh, Dortmund","Bodelschwingh"
419,71.7,3.5,"Hosbachstr. 4, Aplerbeck, Dortmund","Aplerbeck"
459,71,3.5,"Sonnenscheineck 1, Aplerbeck, Dortmund","Aplerbeck"
429,71,3.5,"Hosbachstr. 14, Aplerbeck, Dortmund","Aplerbeck"
419,61.23,3.5,"Albert-Schweitzer-Weg 3, Rahm, Dortmund","Rahm"
379,67,3.5,"Echeloh 43, Kley, Dortmund","Kley"
379,47,2.5,"Pillauer Str. 5, Huckarde, Dortmund","Huckarde"
349,46.35,2.5,"Am Funkturm 51, Neuasseln, Dortmund","Neuasseln"
469,61.02,3.5,"Bredowstr. 21, Neuasseln, Dortmund","Neuasseln"
469,61.02,3.5,"Bredowstr. 15, Neuasseln, Dortmund","Neuasseln"
419,63.76,3.5,"Jungferntalstr. 63, Rahm, Dortmund","Rahm"
369,55.81,2.5,"Auf dem Brauck 81, Oestrich, Dortmund","Oestrich"
359,60.49,3.5,"Butzstr. 4, Nette, Dortmund","Nette"
399,59.44,3,"Hobestadt 4, Oestrich, Dortmund","Oestrich"
379,59.8,3,"Auf dem Brauck 79, Oestrich, Dortmund","Oestrich"
750,105,4,"Sölder Str. 54, Sölde, Dortmund","Sölde"
270,45,2,"Phönixstraße 33, Hörde, Dortmund","Hörde"
745,89,3,"Gerichtsstr. 13, Innenstadt, Dortmund","Innenstadt"
1050,132,3,"Wittbräucker Str. 438, Höchsten, Dortmund","Höchsten"
365,65,2.5,"Wilhelmstraße 21, Innenstadt, Dortmund","Innenstadt"
275,55,3,"Lütgendortmund, Dortmund","Lütgendortmund"
305,67.65,2.5,"Dorstfelder Hellweg 19, Dorstfeld, Dortmund","Dorstfeld"
360,53,3,"Hamburger Str. 69, Innenstadt, Dortmund","Innenstadt"
480,72,3,"Luisenhoffnung 5, Barop, Dortmund","Barop"
760,76,2,"Brackel, Dortmund","Brackel"
394.8,56,2,"Asseln, Dortmund","Asseln"
265,36,1,"Arndtstraße 64, Innenstadt, Dortmund","Innenstadt"
429.07,79.31,3,"Spannstraße 18, Scharnhorst, Dortmund","Scharnhorst"
369.8,63.32,2,"Stresemannstraße 23, Scharnhorst, Dortmund","Scharnhorst"
390.6,70,3,"Simmelweg 21, Scharnhorst, Dortmund","Scharnhorst"
230,40,2,"Westerfilderstr. 24, Westerfilde, Dortmund","Westerfilde"
470,62,2,"Viktorias 16, Innenstadt, Dortmund","Innenstadt"
300,54.5,2.5,"Westerfilderstr. 24, Westerfilde, Dortmund","Westerfilde"
391.58,70,3,"Kautskystraße 24, Scharnhorst, Dortmund","Scharnhorst"
349,45,2.5,"Lindbreiteweg 4, Barop, Dortmund","Barop"
330,55,2,"Alter Hellweg 83, Lütgendortmund, Dortmund","Lütgendortmund"
398,69,2,"Ostermärsch 83, Innenstadt, Dortmund","Innenstadt"
525,87,3,"Lichtendorf, Dortmund","Lichtendorf"
620,95,4,"Innenstadt, Dortmund","Innenstadt"
300,45,2,"Sölde, Dortmund","Sölde"
420,68,2,"Rheinische Straße 44, Innenstadt, Dortmund","Innenstadt"
421.6,62,2,"Oelmühlenweg 8, Hombruch, Dortmund","Hombruch"
270,45,2,"Hörde, Dortmund","Hörde"
390,63,2.5,"Berghofer Straße 69, Berghofen, Dortmund","Berghofen"
450,63,3,"Bornstr.107 1, Innenstadt, Dortmund","Innenstadt"
460,74,2,"Heideweg 3, Holzen, Dortmund","Holzen"
405,56,2,"Brackeler Hellweg 56, Brackel, Dortmund","Brackel"
299,39,1,"Friedrichstr. 41, Innenstadt, Dortmund","Innenstadt"
900,140,5,"Ruinenstraße 13, Aplerbeck, Dortmund","Aplerbeck"
770,90,4.5,"Berghofer Str. 230, Berghofen, Dortmund","Berghofen"
1450,183,5,"Hörde, Dortmund","Hörde"
420,81,3,"Speckestr. 8, Westerfilde, Dortmund","Westerfilde"
685,84,3,"Am Gemeindehaus 12, Hombruch, Dortmund","Hombruch"
860,93,2,"Bittermark, Dortmund","Bittermark"
345.28,62.55,2,"Max-Brod-Straße 35, Scharnhorst, Dortmund","Scharnhorst"
432.41,79.78,3,"Stresemannstraße 11, Scharnhorst, Dortmund","Scharnhorst"
640,80,3.5,"Berghofen, Dortmund","Berghofen"
509,95,3,"Enscheder Straße 18, Innenstadt, Dortmund","Innenstadt"
323.42,64,2,"Brache 6, Bövinghausen, Dortmund","Bövinghausen"
396.86,67.84,3.5,"Polliusweg 4, Wickede, Dortmund","Wickede"
348.24,65,3,"Polliusweg 11, Wickede, Dortmund","Wickede"
309,52.18,2.5,"Jung-Stillingweg 4, Wickede, Dortmund","Wickede"
361.42,70,3.5,"Rauschenbusch Straße 63, Wickede, Dortmund","Wickede"
450,75,3,"Dümperstrasse 1, Löttringhausen, Dortmund","Löttringhausen"
320,55.7,2.5,"Cimbernstraße  29, Hörde, Dortmund","Hörde"
480,68,3,"Stockumer Str. 219, Barop, Dortmund","Barop"
500,57.82,3.5,"Innenstadt, Dortmund","Innenstadt"
379,65,3,"Sprickmannweg 8, Wickede, Dortmund","Wickede"
285,40,2.5,"Brackeler Straße 35, Innenstadt, Dortmund","Innenstadt"
875,103,2.5,"Innenstadt, Dortmund","Innenstadt"
399,70,3,"Polliusweg 11, Wickede, Dortmund","Wickede"
624,89,3,"Wellinghofen, Dortmund","Wellinghofen"
450,74.96,4,"Büttnerstr. 38, Lanstrop, Dortmund","Lanstrop"
518,61,2,"Innenstadt, Dortmund","Innenstadt"
386.37,76.87,3.5,"Weilberg 12, Westrich, Dortmund","Westrich"
388.55,70,3,"Peschweg 35, Scharnhorst, Dortmund","Scharnhorst"
389.68,70,3,"Baaderweg 15, Scharnhorst, Dortmund","Scharnhorst"
720,85,3,"Kirchhörde, Dortmund","Kirchhörde"
354,51,2.5,"Kalmeichweg 2, Oestrich, Dortmund","Oestrich"
390,60,1,"grotenbachstr 382, Hombruch, Dortmund","Hombruch"
440,52,2,"Hagener Straße 214, Kirchhörde, Dortmund","Kirchhörde"
920,105,3,"Wellinghofen, Dortmund","Wellinghofen"
500,63,2.5,"Innenstadt, Dortmund","Innenstadt"
430,62,2,"Huckarder Bruch 14, Huckarde, Dortmund","Huckarde"
640,80,3,"Innenstadt, Dortmund","Innenstadt"
370,37,1,"Innenstadt, Dortmund","Innenstadt"
450,48,2,"Innenstadt, Dortmund","Innenstadt"
600,90,2.5,"Nette, Dortmund","Nette"
580,90.17,3,"Saarbrücker Straße 43, Innenstadt, Dortmund","Innenstadt"
850,99,3.5,"von der Goltz Str 1, Innenstadt, Dortmund","Innenstadt"
450,68,3,"Westermannstraße 3, Lütgendortmund, Dortmund","Lütgendortmund"
320,55,2.5,"Hörde, Dortmund","Hörde"
330,55,2,"Huckarde, Dortmund","Huckarde"
600,65,2,"Innenstadt, Dortmund","Innenstadt"
390,77,3.5,"Hörde, Dortmund","Hörde"
1000,117.2,3,"Klöcknerstraße 10c, Kirchhörde, Dortmund","Kirchhörde"
380,69,3,"Stenbocke 32, Holte, Dortmund","Holte"
370,53,2.5,"Somborner Feldweg 7, Lütgendortmund, Dortmund","Lütgendortmund"
320,38,1,"Hohe Str. 46, Innenstadt, Dortmund","Innenstadt"
360,55,2.5,"Hackländerplatz 4, Innenstadt, Dortmund","Innenstadt"
1050,112,3,"Niederhofen, Dortmund","Niederhofen"
465,69.15,2.5,"Holtestr. 2, Lütgendortmund, Dortmund","Lütgendortmund"
660,110,4,"Trapphofstraße 71, Aplerbeck, Dortmund","Aplerbeck"
400.5,44.5,2,"Eichlinghofen, Dortmund","Eichlinghofen"
680,105,3,"Wichlinghofen, Dortmund","Wichlinghofen"
1100,100.5,3,"Kirchhörde, Dortmund","Kirchhörde"
320,51,2,"Marthastr. 8, Oespel, Dortmund","Oespel"
799,89,3.5,"Walter-Dirks-Str.  4, Hörde, Dortmund","Hörde"
280,30,1.5,"Zweigstr. 3, Innenstadt, Dortmund","Innenstadt"
359,62,3,"Konradstraße 22, Kirchlinde, Dortmund","Kirchlinde"
472,61.3,3,"Thusneldastr. 27-EGR, Dorstfeld, Dortmund","Dorstfeld"
246.8,48.27,1.5,"Asselner Hellweg 85, Asseln, Dortmund","Asseln"
378,52.5,2,"Herderstraße 84, Innenstadt, Dortmund","Innenstadt"
420,54,2,"Grenzweg 38, Sommerberg, Dortmund","Sommerberg"
370,71,2.5,"Innenstadt, Dortmund","Innenstadt"
480,70,3,"Kirchlinde, Dortmund","Kirchlinde"
728,104,4,"Gablonzstraße 7a, Hombruch, Dortmund","Hombruch"
890,136,4,"Kurl, Dortmund","Kurl"
604.5,93,3,"Wittener Straße 153, Dorstfeld, Dortmund","Dorstfeld"
970,120,3.5,"Innenstadt, Dortmund","Innenstadt"
525,70,2.5,"Brackel, Dortmund","Brackel"
507,78,2.5,"Innenstadt, Dortmund","Innenstadt"
330.38,73.91,3.5,"Rauschenbusch Straße 61, Wickede, Dortmund","Wickede"
408.72,58.54,2,"Siepmannstraße 51, Kirchlinde, Dortmund","Kirchlinde"
520,65,3,"Kreuzstrasse 18, Innenstadt, Dortmund","Innenstadt"
850,140,4,"Schulstraße 5, Lichtendorf, Dortmund","Lichtendorf"
385,74,3.5,"Innenstadt, Dortmund","Innenstadt"
330,55,2,"Hafnerstr. 18, Lanstrop, Dortmund","Lanstrop"
309,58.06,2,"Zollernstraße 30, Kirchlinde, Dortmund","Kirchlinde"
313,61.1,2,"Frohlinder Straße 24, Kirchlinde, Dortmund","Kirchlinde"
420,70,3,"Innenstadt, Dortmund","Innenstadt"
1205,137,3.5,"Innenstadt, Dortmund","Innenstadt"
1095,158,4,"Brandeniusstraße 3, Wellinghofen, Dortmund","Wellinghofen"
325,54.96,2.5,"Oestermärsch 83, Innenstadt, Dortmund","Innenstadt"
339,65,2,"Neptunstraße 25, Bövinghausen, Dortmund","Bövinghausen"
410,53,2,"Evinger Straße 204, Eving, Dortmund","Eving"
300,34,1,"Stangefolstr. 22, Hörde, Dortmund","Hörde"
352,70,3,"Barthstraße 17, Scharnhorst, Dortmund","Scharnhorst"
1394,170,5,"Bövinghausen, Dortmund","Bövinghausen"
790,76,3.5,"Lücklemberg, Dortmund","Lücklemberg"
436,78,3,"Passweg 10, Oestrich, Dortmund","Oestrich"
360.74,42.44,2,"Marten, Dortmund","Marten"
1460,157,5,"Innenstadt, Dortmund","Innenstadt"
397,76,3,"Sölde, Dortmund","Sölde"
430,65,2,"Innenstadt, Dortmund","Innenstadt"
440,67,3,"Wellinghoferstr. 77, Hörde, Dortmund","Hörde"
393.04,49.13,2,"Klönnestr. 70, Innenstadt, Dortmund","Innenstadt"
1250,114,3,"Schüren, Dortmund","Schüren"
1120,103,3,"Röhrichtweg 32 u. 34, Berghofen, Dortmund","Berghofen"
363,41.5,2,"Spicherner Str. 42, Dorstfeld, Dortmund","Dorstfeld"
900,100,4.5,"Wickede, Dortmund","Wickede"
435,75,3,"Wickede, Dortmund","Wickede"
378,62,2,"Evinger Straße 217, Eving, Dortmund","Eving"
680,104,3.5,"Mengede, Dortmund","Mengede"
1350,114,3,"Schmiedingstraße 2, Innenstadt, Dortmund","Innenstadt"
850,105,4,"Haydnstr. 21, Innenstadt, Dortmund","Innenstadt"
510,60,2.5,"Overhoffstr. 188, Oespel, Dortmund","Oespel"
450,52,2,"Am Siepenhohl ?, Wichlinghofen, Dortmund","Wichlinghofen"
290,45,2,"Mengede, Dortmund","Mengede"
520,73,3,"Bennostr. 21, Bövinghausen, Dortmund","Bövinghausen"
700,38,2,"Lindemannstraße 8a, Innenstadt, Dortmund","Innenstadt"
450,77,3,"Buchholz, Dortmund","Buchholz"
430,62,2.5,"Preußische Straße 117, Eving, Dortmund","Eving"
980,130,5,"Brackel, Dortmund","Brackel"
420,60,2,"Hörde, Dortmund","Hörde"
500,80,3.5,"Dorstfeld, Dortmund","Dorstfeld"
434.6,53,2,"Klönnestr. 60, Innenstadt, Dortmund","Innenstadt"
300,33,1,"Ostenbergstraße 111, Eichlinghofen, Dortmund","Eichlinghofen"
385,69.5,3,"Im II. Westfeld 6, Lütgendortmund, Dortmund","Lütgendortmund"
589,80,3.5,"Ostkirchstraße  24, Berghofen, Dortmund","Berghofen"
350,56,2,"Innenstadt, Dortmund","Innenstadt"
650,93,3,"Innenstadt, Dortmund","Innenstadt"
1050,118.14,3,"Blenkerweg 1, Wellinghofen, Dortmund","Wellinghofen"
780,87,3,"Oester 79, Brackel, Dortmund","Brackel"
561,66,2,"Ravensweg 34, Aplerbeck, Dortmund","Aplerbeck"
1350,175,4,"Blenkerweg 1, Wellinghofen, Dortmund","Wellinghofen"
315,35,1,"Oestermärsch 83, Innenstadt, Dortmund","Innenstadt"
590,110,4,"Froschlake 34, Marten, Dortmund","Marten"
588.25,90.5,3,"Marten, Dortmund","Marten"
885,122.09,4,"Barcelona Weg 11, Schüren, Dortmund","Schüren"
500,53,2.5,"Galoppstraße 107, Lücklemberg, Dortmund","Lücklemberg"
850,120,3,"Weißenburger Straße 31, Innenstadt, Dortmund","Innenstadt"
490,79,3,"Barop, Dortmund","Barop"
355,65.44,3,"Hutererweg 8, Lanstrop, Dortmund","Lanstrop"
1150,119,4,"Sichelstraße 35c, Bittermark, Dortmund","Bittermark"
500,75.43,3,"Wickeder Hellweg 175, Wickede, Dortmund","Wickede"
514,79,3,"Speckestr. 8, Westerfilde, Dortmund","Westerfilde"
690,108,3,"Sölde, Dortmund","Sölde"
360,47,2.5,"Provinzialstr. 60, Lütgendortmund, Dortmund","Lütgendortmund"
450,65.08,3,"Wellinghofer Straße 107, Hörde, Dortmund","Hörde"
395,55,2,"Südwall 13, Innenstadt, Dortmund","Innenstadt"
390,73,3,"Altenderner Straße 57, Derne, Dortmund","Derne"
540,100,2,"Kirchlinde, Dortmund","Kirchlinde"
381.5,77.07,3,"Martener Str. 295, Marten, Dortmund","Marten"
1220,153,4,"Liboristr. 31, Körne, Dortmund","Körne"
595,85,3,"Wichlinghofen, Dortmund","Wichlinghofen"
535,59,2.5,"Luisenstraße 11-13, Innenstadt, Dortmund","Innenstadt"
970,88.34,3,"Hermannstr. 169-171, Hörde, Dortmund","Hörde"
450,61,2,"Breierspfad 118, Wambel, Dortmund","Wambel"
360,78,3,"Suebenstaße 34, Hörde, Dortmund","Hörde"
343.9,36.2,1,"Heimbaustraße 35, Innenstadt, Dortmund","Innenstadt"
411.66,48.37,2,"Innenstadt, Dortmund","Innenstadt"
368.32,46.04,1,"Waterloostr. 4, Nette, Dortmund","Nette"
1400,180,5,"Innenstadt, Dortmund","Innenstadt"
1955,156.43,4,"Seehang 15, Schüren, Dortmund","Schüren"
1080,106,4,"Hermannstr. 169-171, Hörde, Dortmund","Hörde"
1050,84,3,"Röhrichtweg 32 u. 34, Berghofen, Dortmund","Berghofen"
625,53,2,"Röhrichtweg 32 u. 34, Berghofen, Dortmund","Berghofen"
526.5,78,3,"Sommerberg, Dortmund","Sommerberg"
517,83,3,"Brackel, Dortmund","Brackel"
500,55,1,"Schwanenstraße 47, Innenstadt, Dortmund","Innenstadt"
430,74,3,"Innenstadt, Dortmund","Innenstadt"
500,69,3,"Loh, Dortmund","Loh"
560,72.45,2.5,"Warburgerstr. 7, Körne, Dortmund","Körne"
450,62,3,"Bandelstraße 20, Dorstfeld, Dortmund","Dorstfeld"
420,54,2,"Innenstadt, Dortmund","Innenstadt"
330,62,3.5,"Drechslerweg 9, Lanstrop, Dortmund","Lanstrop"
1000,80,2,"Röhrichtweg 32 u. 34, Berghofen, Dortmund","Berghofen"
450,82,3.5,"Berghofen, Dortmund","Berghofen"
1184.1,99.84,3.5,"Phönixseestr. 26 u. 26 a, Hörde, Dortmund","Hörde"
1155,110.96,2.5,"Hohenfriedberger Straße 28, Innenstadt, Dortmund","Innenstadt"
395,61,2,"Preinstr. 41, Wellinghofen, Dortmund","Wellinghofen"
392,56,2.5,"Hasenberg 9, Lütgendortmund, Dortmund","Lütgendortmund"
488,38,1,"Eierkampstrasse 25, Hombruch, Dortmund","Hombruch"
280.5,36,1.5,"Westhoffstr. 13-15, Innenstadt, Dortmund","Innenstadt"
1100,137,4,"Meraner Straße 1, Kirchhörde, Dortmund","Kirchhörde"
1085,155,3,"Ostenhellweg 47, Innenstadt, Dortmund","Innenstadt"
985,120,3,"Brackel, Dortmund","Brackel"
750,78,3.5,"Durchstraße 79, Niederhofen, Dortmund","Niederhofen"
1160,115.76,4,"Hörde, Dortmund","Hörde"
1450,144.35,4,"Hörde, Dortmund","Hörde"
180,16.49,1.5,"Innenstadt, Dortmund","Innenstadt"
306.25,35.2,1,"Semerteichstraße 58, Hörde, Dortmund","Hörde"
650,95,2,"Bornstr. 256, Eving, Dortmund","Eving"
426,71,3.5,"Huckarder Allee 32, Huckarde, Dortmund","Huckarde"
450,90,5,"Saarlandstr. 90, Innenstadt, Dortmund","Innenstadt"
549,80,3,"Benninghoferstr. 247, Loh, Dortmund","Loh"
1650,150,2,"Kirchhörde, Dortmund","Kirchhörde"
1400,126,4.5,"Hörde, Dortmund","Hörde"
1050,121,4,"... ..., Kirchhörde, Dortmund","Kirchhörde"
308,61,2,"Gleiwitzstr. 273, Scharnhorst, Dortmund","Scharnhorst"
1090,122.02,5,"Brandeniusstraße 3, Wellinghofen, Dortmund","Wellinghofen"
720,78,3.5,"Grafenhof 8, Innenstadt, Dortmund","Innenstadt"
400,56,3,"Eschenstr. 9, Hombruch, Dortmund","Hombruch"
433,41,2,"Domänenstraße 8, Hombruch, Dortmund","Hombruch"
330,55.29,2,"Hafnerstraße 8, Lanstrop, Dortmund","Lanstrop"
430,69,2,"Silberhecke 45a, Wellinghofen, Dortmund","Wellinghofen"
1280,138.38,4,"Hörde, Dortmund","Hörde"
600,100,3,"Am Westheck 29, Brackel, Dortmund","Brackel"
985,119,3,"Brackel, Dortmund","Brackel"
646.8,88,3,"Emschertalstraße 60, Sölde, Dortmund","Sölde"
1170,130,5,"Innenstadt, Dortmund","Innenstadt"
595,70,2,"Ravensweg 32, Aplerbeck, Dortmund","Aplerbeck"
892.5,105,4,"Ravensweg 32, Aplerbeck, Dortmund","Aplerbeck"
722.5,85,3,"Ravensweg 34, Aplerbeck, Dortmund","Aplerbeck"
400,37,1.5,"Innenstadt, Dortmund","Innenstadt"
445,74,3.5,"Schürener Str. 40, Schüren, Dortmund","Schüren"
350,53,2,"Innenstadt, Dortmund","Innenstadt"
892.5,105,5,"Ravensweg 34, Aplerbeck, Dortmund","Aplerbeck"
346,53.27,2.5,"Humperdinckstraße 4, Innenstadt, Dortmund","Innenstadt"
404,82,3,"Hostedde, Dortmund","Hostedde"
250,35,1,"Gronaustraße 42, Innenstadt, Dortmund","Innenstadt"
385,65,3.5,"Unterdelle  28, Bövinghausen, Dortmund","Bövinghausen"
595.35,79.38,3,"Paul-Gerhardt-Str. 36, Nette, Dortmund","Nette"
597.75,79.7,3,"Waterloostr. 4, Nette, Dortmund","Nette"
330,55,2.5,"Alter Hellweg 83, Lütgendortmund, Dortmund","Lütgendortmund"
1000,90,2.5,"Saarlandstraße 100, Innenstadt, Dortmund","Innenstadt"
550,90,3,"Berghofen, Dortmund","Berghofen"
740,114,3,"Schwanenstr. 38, Innenstadt, Dortmund","Innenstadt"
406,58,2,"Schwanenstr. 38, Innenstadt, Dortmund","Innenstadt"
580,82.4,3,"Wittbräucker Str. 53, Aplerbeck, Dortmund","Aplerbeck"
257,40,1,"Scheffelstr 26, Innenstadt, Dortmund","Innenstadt"
270,45,2,"Streckenstr. 12, Innenstadt, Dortmund","Innenstadt"
300,45,2,"Johanna Melzer Str. 30, Innenstadt, Dortmund","Innenstadt"
380,71.62,3,"Lauestr. 2, Rahm, Dortmund","Rahm"
500,90,4,"Leopoldstr 13, Innenstadt, Dortmund","Innenstadt"
410,72,3,"II Bicke 4, Hörde, Dortmund","Hörde"
1220,141,4,"Nelly-Sachs-Str. 23, Brechten, Dortmund","Brechten"
225,20,1,"Berghofer Straße 96, Berghofen, Dortmund","Berghofen"
562.5,75,2,"Stubengasse 10, Innenstadt, Dortmund","Innenstadt"
501.2,89.5,3.5,"Holtestraße 49a, Lütgendortmund, Dortmund","Lütgendortmund"
968,96,3,"Bremer Straße 16, Innenstadt, Dortmund","Innenstadt"
1050,100,3,"Kirchhörde, Dortmund","Kirchhörde"
210,30,2,"Universitätsstr. 563, Eichlinghofen, Dortmund","Eichlinghofen"
413,59,2,"Innenstadt, Dortmund","Innenstadt"
540,60,2,"Huckarde, Dortmund","Huckarde"
340,61.31,2,"Nordstraße 58, Innenstadt, Dortmund","Innenstadt"
464,58,2,"Innenstadt, Dortmund","Innenstadt"
500,85,2,"Hohe Straße 11a, Innenstadt, Dortmund","Innenstadt"
350,50,1.5,"Eving, Dortmund","Eving"
313.08,63.25,2,"Kirchlinder Str.  8, Kirchlinde, Dortmund","Kirchlinde"
485,61.3,3,"Thusneldastr. 29-II. OGL, Dorstfeld, Dortmund","Dorstfeld"
463,68.16,3,"Heroldstr.  8a-III.OGR, Innenstadt, Dortmund","Innenstadt"
800,106.55,4,"Ostenhellweg 51-III. OG, Innenstadt, Dortmund","Innenstadt"
990,100,3.5,"Steinkühlerweg 76, Hörde, Dortmund","Hörde"
393.75,52.5,2,"Heimbaustr. 39, Innenstadt, Dortmund","Innenstadt"
650,86,2,"Dymekeweg 7-9, Asseln, Dortmund","Asseln"
690,92.5,3,"Innenstadt, Dortmund","Innenstadt"
330,55.29,2,"Färberstr. 4, Lanstrop, Dortmund","Lanstrop"
330,55,2,"Spornerweg 1, Lanstrop, Dortmund","Lanstrop"
1156,106,3,"Hermannstraße 163 - 167, Hörde, Dortmund","Hörde"
280,30,1,"Aplerbeck, Dortmund","Aplerbeck"
680,105,3,"Körner Hellweg 118, Körne, Dortmund","Körne"
500,86.5,4,"Leopoldstr. 13, Innenstadt, Dortmund","Innenstadt"
330,62,3.5,"Hutererweg 7, Lanstrop, Dortmund","Lanstrop"
1400,113,3,"Lücklemberg, Dortmund","Lücklemberg"
532,80,2,"Großholthausen, Dortmund","Großholthausen"
1850,218,6,"Innenstadt, Dortmund","Innenstadt"
413,59,2,"Gronaustr 56, Innenstadt, Dortmund","Innenstadt"
870,74,2,"Limurger Postweg 11, Wellinghofen, Dortmund","Wellinghofen"
444.44,82,3,"Alter Burgwall 2, Innenstadt, Dortmund","Innenstadt"
1370,119,4,"Kronenstraße 22-24, Innenstadt, Dortmund","Innenstadt"
430,64,2,"Körner Hellweg 29, Körne, Dortmund","Körne"
527,62,2.5,"Löwenstr. 29, Innenstadt, Dortmund","Innenstadt"
495,80,3,"Bennostr. 17, Bövinghausen, Dortmund","Bövinghausen"
500,40,1,"Olpe 14, Innenstadt, Dortmund","Innenstadt"
476,71,4.5,"Martenerstr. 271, Marten, Dortmund","Marten"
1088,99,3,"Elverfeldstr. 14, Loh, Dortmund","Loh"
415.79,81.56,3,"Wiesenkamp 9, Persebeck, Dortmund","Persebeck"
620,94.51,3,"Willy-Brandt-Platz 2, Innenstadt, Dortmund","Innenstadt"
996,83,2,"Innenstadt, Dortmund","Innenstadt"
610,74,2.5,"Löwenstr. 29, Innenstadt, Dortmund","Innenstadt"
490,66,2,"Menglinghauser Str. 11, Barop, Dortmund","Barop"
544,64,2.5,"Löwenstr. 27, Innenstadt, Dortmund","Innenstadt"
475,69,2,"Kirchhörde, Dortmund","Kirchhörde"
245,25,1,"Innenstadt, Dortmund","Innenstadt"
392.5,50.88,2,"Innenstadt, Dortmund","Innenstadt"
250,30,1,"Aplerbeck, Dortmund","Aplerbeck"
1254,114,3,"Meinbergstr 86, Schüren, Dortmund","Schüren"
457,74,3,"Schwerter Str. 243, Aplerbecker Mark, Dortmund","Aplerbecker Mark"
958,101,3,"Hermannstraße 163 - 167, Hörde, Dortmund","Hörde"
270,36,1.5,"Rolandstr. 16, Innenstadt, Dortmund","Innenstadt"
469,65,3,"Lücklemberg, Dortmund","Lücklemberg"
240,40,1,"Rankenweg 3, Niederhofen, Dortmund","Niederhofen"
842,83,3,"Bremer Straße 20, Innenstadt, Dortmund","Innenstadt"
385,60,2.5,"In der Meile 6, Marten, Dortmund","Marten"
1070,105.5,3,"Bremer Str. 10, Innenstadt, Dortmund","Innenstadt"
1645,145,4,"Hermannstraße 163 - 167, Hörde, Dortmund","Hörde"
420,65,2,"Stortsweg 24, Eichlinghofen, Dortmund","Eichlinghofen"
791,92.97,2,"Hermannstr. 119, Hörde, Dortmund","Hörde"
1718,157,3.5,"Elverfeldstr. 13, Loh, Dortmund","Loh"
1234,107,3,"Elverfeldstr. 13, Loh, Dortmund","Loh"
1243,108,3,"Elverfeldstr. 13, Loh, Dortmund","Loh"
1210,105,3,"Elverfeldstr. 13, Loh, Dortmund","Loh"
1219,106,3,"Elverfeldstr. 13, Loh, Dortmund","Loh"
1197,109,3,"Elverfeldstr. 12, Loh, Dortmund","Loh"
1495,136.5,3,"Elverfeldstr. 12, Loh, Dortmund","Loh"
1083,93,3,"Loh, Dortmund","Loh"
700,89,3,"Schüruferstr. 198, Schüren, Dortmund","Schüren"
390,65,2.5,"Innenstadt, Dortmund","Innenstadt"
378,43,2.5,"Innenstadt, Dortmund","Innenstadt"
370,53,3.5,"Huckarde, Dortmund","Huckarde"
1186,103,2.5,"Elverfeldstr. 12, Loh, Dortmund","Loh"
937,87,2,"Bremer Straße 22, Innenstadt, Dortmund","Innenstadt"
912,83,2,"Bremer Straße 22, Innenstadt, Dortmund","Innenstadt"
300,44,1.5,"Maienweg 19, Brechten, Dortmund","Brechten"
642.3,64,2,"Benno-Jacob-Straße 6, Innenstadt, Dortmund","Innenstadt"
642.4,64,2,"Benno-Jacob-Straße 6, Innenstadt, Dortmund","Innenstadt"
1242.6,118,4,"Benno-Jacob-Straße 6, Innenstadt, Dortmund","Innenstadt"
1049.5,100,3,"Benno-Jacob-Straße 4, Innenstadt, Dortmund","Innenstadt"
590,87,3,"Am Bruchheck 1, Hörde, Dortmund","Hörde"
268,20,1,"Gerstenstr. 6, Innenstadt, Dortmund","Innenstadt"
982,89,3,"Hagener Str. 267, Kirchhörde, Dortmund","Kirchhörde"
420,73.11,2,"Silberhecke 45a, Wellinghofen, Dortmund","Wellinghofen"
849.25,61.54,2,"Heilbronner Str. 9, Körne, Dortmund","Körne"
595,65,3.5,"Barop, Dortmund","Barop"
600,102,3,"Reiner-Daelen-Straße  7, Hörde, Dortmund","Hörde"
499,59.13,2,"Reinoldistr. 17-19, Innenstadt, Dortmund","Innenstadt"
389,75,2,"Vogelpothsweg 18, Dorstfeld, Dortmund","Dorstfeld"
325,60,2,"Vogelpothsweg 16, Dorstfeld, Dortmund","Dorstfeld"
250,25,1,"Sommerberger Kirchweg 22, Sommerberg, Dortmund","Sommerberg"
428.74,65.96,3,"Holzener Straße 28, Holzen, Dortmund","Holzen"
450,56,2,"Düsseldorfer Str. 7, Innenstadt, Dortmund","Innenstadt"
390,55,2,"Provinzialstr. 28b, Lütgendortmund, Dortmund","Lütgendortmund"
320,54,2.5,"Lütgendortmunder Hellweg 124, Lütgendortmund, Dortmund","Lütgendortmund"
436,79,3,"Paßweg 12, Oestrich, Dortmund","Oestrich"
530,60,2.5,"Wielandstrasse 22, Innenstadt, Dortmund","Innenstadt"
430,66,3,"Mosselde 96, Westerfilde, Dortmund","Westerfilde"
195,21,1,"Kirchhörderstraße 85, Lücklemberg, Dortmund","Lücklemberg"
389,61.09,2,"Am Kapellenufer 85, Sölde, Dortmund","Sölde"
370,57,2.5,"Innenstadt, Dortmund","Innenstadt"
722,72.2,2.5,"Bremer Str. 23, Innenstadt, Dortmund","Innenstadt"
350,62,3,"Entenpoth 13, Hörde, Dortmund","Hörde"
599,64.58,2.5,"Bremer Str. 21, Innenstadt, Dortmund","Innenstadt"
420,72,3,"Schenkebierweg 1, Mengede, Dortmund","Mengede"
225,25.82,1,"Schenkebierweg 1, Mengede, Dortmund","Mengede"
390,51.21,2.5,"Innenstadt, Dortmund","Innenstadt"
1095,170,4,"Am Brennbusch 23, Körne, Dortmund","Körne"
1860,186,3,"Meinbergstr 86, Schüren, Dortmund","Schüren"
220,25,1,"Singerhoff Str. 9, Hombruch, Dortmund","Hombruch"
230,21.87,1.5,"Innenstadt, Dortmund","Innenstadt"
908.4,114,3,"Bonifatiusstr. 2, Innenstadt, Dortmund","Innenstadt"
1517.45,137.95,3,"Meinbergstr 86, Schüren, Dortmund","Schüren"
350,55,2,"Rhader Weg 8, Bövinghausen, Dortmund","Bövinghausen"
1633,145.77,4,"Hermannstr. 149, Hörde, Dortmund","Hörde"
449,52.28,2,"Detmarstraße 1, Innenstadt, Dortmund","Innenstadt"
395,62.5,4,"Zillestrasse 426, Hombruch, Dortmund","Hombruch"
1230,123.25,3,"Kohlensiepenstr 14, Schüren, Dortmund","Schüren"
850,107,2,"Brechten, Dortmund","Brechten"
371,53,2,"Gronaustr. 56, Innenstadt, Dortmund","Innenstadt"
486,54,2.5,"Viktoriastraße  10, Innenstadt, Dortmund","Innenstadt"
506.1,36.15,1,"Heilbronner Str. 9, Körne, Dortmund","Körne"
190,18.74,1.5,"Innenstadt, Dortmund","Innenstadt"
990,127.84,3.5,"Innenstadt, Dortmund","Innenstadt"
990,110,3.5,"Hansastraße 101-103, Innenstadt, Dortmund","Innenstadt"
1145,127.14,3.5,"Innenstadt, Dortmund","Innenstadt"
1045,172.29,4.5,"Innenstadt, Dortmund","Innenstadt"
600,70,2.5,"Hansastraße 101-103, Innenstadt, Dortmund","Innenstadt"
220,21.65,1.5,"Innenstadt, Dortmund","Innenstadt"
362.14,76.6,3.5,"Bodelschwingher Straße 136, Bodelschwingh, Dortmund","Bodelschwingh"
650,75,2,"Dümperstr. 3, Löttringhausen, Dortmund","Löttringhausen"
720,96,4,"Hörde, Dortmund","Hörde"
600,110,5,"Grollmannsweg 38, Westerfilde, Dortmund","Westerfilde"
580,86,4.5,"Grollmannsweg 22, Westerfilde, Dortmund","Westerfilde"
400,57,3.5,"Einsteinstr.  20, Rahm, Dortmund","Rahm"
230,40,1,"Römerstr. 13, Lichtendorf, Dortmund","Lichtendorf"
595,78,3,"Am Knappenberg 102, Innenstadt, Dortmund","Innenstadt"
370,45,2,"Asternstraße 19, Sölde, Dortmund","Sölde"
340,59,3,"Lütgendortmund, Dortmund","Lütgendortmund"
335,59,2,"Drechslerweg 4, Lanstrop, Dortmund","Lanstrop"
365,70,2,"Vogelpothsweg 16, Dorstfeld, Dortmund","Dorstfeld"
899,100,3,"Distelweg 15 a, Körne, Dortmund","Körne"
435,57,2,"Rosental 19, Innenstadt, Dortmund","Innenstadt"
544,68,2,"Innenstadt, Dortmund","Innenstadt"
368,46,3,"Kurfürstenstraße 42, Innenstadt, Dortmund","Innenstadt"
360,67.5,2,"Körner Hellweg 118, Körne, Dortmund","Körne"
260,42,2,"Oespel, Dortmund","Oespel"
520,80.09,3,"Fühlestr. 9, Kirchlinde, Dortmund","Kirchlinde"
423,65,2.5,"Schlosser Str. 40, Innenstadt, Dortmund","Innenstadt"
363,58.39,3.5,"Zwickauer Str. 2, Innenstadt, Dortmund","Innenstadt"
475,55.38,3.5,"Innenstadt, Dortmund","Innenstadt"
307,53.27,2.5,"Humperdinckstr. 2, Innenstadt, Dortmund","Innenstadt"
320,45,2,"Haberlandstrasse 29, Bodelschwingh, Dortmund","Bodelschwingh"
420,73,3.5,"Grollmannsweg 15, Westerfilde, Dortmund","Westerfilde"
415.4,67,3,"Echeloh  35, Kley, Dortmund","Kley"
415.4,67,3,"Echeloh 16, Kley, Dortmund","Kley"
415.4,67,3,"Echeloh  32, Kley, Dortmund","Kley"
395,65,3,"Greveler Straße 1, Grevel, Dortmund","Grevel"
732,122,4.5,"Allensteiner Str. 13, Huckarde, Dortmund","Huckarde"
398,69.17,2.5,"Oestermärsch 83, Innenstadt, Dortmund","Innenstadt"
330.5,47.23,2,"Am Hartweg 148, Dorstfeld, Dortmund","Dorstfeld"
365,70,2,"Kaiserstrasse 212, Innenstadt, Dortmund","Innenstadt"
650,85,3,"Mentlerstraße 6, Schönau, Dortmund","Schönau"
520,75,3,"Menglinghauser Straße 62, Menglinghausen, Dortmund","Menglinghausen"
280,27,1,"Hombruch, Dortmund","Hombruch"
415.4,67,3,"Echeloh  24, Kley, Dortmund","Kley"
320,64,3,"Schüruferstr.  328, Aplerbeck, Dortmund","Aplerbeck"
595,80,2,"Aplerbecker Mark, Dortmund","Aplerbecker Mark"
415.4,67,3,"Echeloh  39, Kley, Dortmund","Kley"
415.4,67,3,"Echeloh 39, Kley, Dortmund","Kley"
295,36,2.5,"Hirschweg 5, Berghofen, Dortmund","Berghofen"
270,28.8,1,"Zimmerstr. 49, Innenstadt, Dortmund","Innenstadt"
1040,160,3.5,"Asselner Hellweg  94, Asseln, Dortmund","Asseln"
313.5,19,1,"Am Surck 27, Barop, Dortmund","Barop"
490,70,2.5,"Lücklemberg, Dortmund","Lücklemberg"
480,80,3.5,"Wickede, Dortmund","Wickede"
1440,152,3.5,"Bittermarkstr.  87, Bittermark, Dortmund","Bittermark"
450,70,2,"Seydlitzstraße 33, Hörde, Dortmund","Hörde"
650,95,3,"Wambeler Str.  46, Innenstadt, Dortmund","Innenstadt"
520,90,3,"Provinzialstrasse  317, Bövinghausen, Dortmund","Bövinghausen"
950,92.61,2.5,"Hohenfriedberger Str. 28, Innenstadt, Dortmund","Innenstadt"
405,65,3,"Bodelschwingher Straße 192, Bodelschwingh, Dortmund","Bodelschwingh"
500,64,3,"Ostwall 37, Innenstadt, Dortmund","Innenstadt"
300,55,3,"Bockenfelder Straße 245, Bövinghausen, Dortmund","Bövinghausen"
615,86,3.5,"Lange Reihe 179, Körne, Dortmund","Körne"
400,45,1,"Wambeler Str. 50, Innenstadt, Dortmund","Innenstadt"
420,64,3,"Flaspoete 46, Lütgendortmund, Dortmund","Lütgendortmund"
396.5,61,3,"Am Schleppweg 15, Dorstfeld, Dortmund","Dorstfeld"
285,43,2,"Lütgendortmunder Hellweg 165 - 177, Lütgendortmund, Dortmund","Lütgendortmund"
385,55,2,"Bornstr. 136, Innenstadt, Dortmund","Innenstadt"
475,73.3,3,"Evingerstraße 338, Eving, Dortmund","Eving"
390,65,3,"Benninghofer Str. 174, Loh, Dortmund","Loh"
400,53.4,2,"Aplerbecker Str. 454, Aplerbeck, Dortmund","Aplerbeck"
710,90,3,"Kaiserstraße 92, Innenstadt, Dortmund","Innenstadt"
545,75,2,"Singerhoffstraße 28, Hombruch, Dortmund","Hombruch"
569.6,87.63,3.5,"Meinertstr.  38, Brackel, Dortmund","Brackel"
510,73,3,"Vorläuferweg 15, Schüren, Dortmund","Schüren"
470,74,2,"Marten, Dortmund","Marten"
410,65,2,"Freie Scholle 33, Brechten, Dortmund","Brechten"
300,38,1.5,"Hinter Holtein 13, Eichlinghofen, Dortmund","Eichlinghofen"
260,55,2,"Westricher Straße  77, Lütgendortmund, Dortmund","Lütgendortmund"
590,97,3.5,"Meinertstr.  34, Brackel, Dortmund","Brackel"
529,77,3.5,"Wegscheid  6, Rahm, Dortmund","Rahm"
450,73,2,"Mallinckrodtstr. 26 - 28, Innenstadt, Dortmund","Innenstadt"
1550,125,4,"Heiduferweg 54, Lücklemberg, Dortmund","Lücklemberg"
311.9,62.38,2,"Bürgerstrasse 2, Dorstfeld, Dortmund","Dorstfeld"
950,108,4,"Wambel, Dortmund","Wambel"
400,64,2,"Harkortstrasse 45, Hombruch, Dortmund","Hombruch"
578.5,89,3.5,"Meinertstr.  34, Brackel, Dortmund","Brackel"
350,63,3,"Mallinckrodtstrasse 333, Innenstadt, Dortmund","Innenstadt"
280,55,2,"Mallinckrodtstraße  210, Innenstadt, Dortmund","Innenstadt"
400,65,2,"Schützenstraße 82, Innenstadt, Dortmund","Innenstadt"
530,78,3,"Kaiser-Straße 109, Innenstadt, Dortmund","Innenstadt"
1200,117,3.5,"Am Knappenberg 67, Innenstadt, Dortmund","Innenstadt"
450,75,2,"Wickeder Hellweg 102, Wickede, Dortmund","Wickede"
605,85,1,"Marten, Dortmund","Marten"
815,97,3,"Kobbendelle 13, Kirchhörde, Dortmund","Kirchhörde"
380,50,3,"Brackelerstraße 21, Innenstadt, Dortmund","Innenstadt"
550,48,2,"Schönau, Dortmund","Schönau"
790,90,3,"Amalienstrasse 38, Innenstadt, Dortmund","Innenstadt"
750,95,4,"Kirchhörde, Dortmund","Kirchhörde"
450,66,4,"Langschedestraße 32, Wickede, Dortmund","Wickede"
210,20,1,"Klosterstraße 5 - 7, Innenstadt, Dortmund","Innenstadt"
220,21,1,"Gibbenhey 5, Eichlinghofen, Dortmund","Eichlinghofen"
1190,120,5,"Am Knappenberg 80, Innenstadt, Dortmund","Innenstadt"
340,36,1.5,"Bittermark, Dortmund","Bittermark"
235,34,1,"Münsterstraße 175, Innenstadt, Dortmund","Innenstadt"
380,60,2,"Eulenstraße 7, Wickede, Dortmund","Wickede"
550,80,2,"Sudermannstr. 24, Innenstadt, Dortmund","Innenstadt"
450,80,3,"Hengstenbergweg 7, Wickede, Dortmund","Wickede"
520,65.5,2,"Rahmkesweg 4a, Eichlinghofen, Dortmund","Eichlinghofen"
445,86,3,"Bitterfelder Straße 9a, Marl, Recklinghausen (Kreis)","Marl"
385,73,2.5,"Elsa-Brändström-Strasse 25, Marl, Recklinghausen (Kreis)","Marl"
490,86,4,"Elsa-Brändström-Straße 19, Marl, Recklinghausen (Kreis)","Marl"
220,31,1,"Brunnenstraße 17, Gladbeck, Recklinghausen (Kreis)","Gladbeck"
340,73,3,"Elsa-Brändström-Strasse 25, Marl, Recklinghausen (Kreis)","Marl"
310,34,1,"Lipper Weg 193, Marl, Recklinghausen (Kreis)","Marl"
480,85.41,3,"Harkortweg  9 a-c, Schwelm, Ennepe-Ruhr-Kreis","Schwelm"
305.35,66.38,3.5,"Grimmstraße 13, Herten, Recklinghausen (Kreis)","Herten"
520,79.91,4.5,"Ricarda-Huch-Straße 25, Marl, Recklinghausen (Kreis)","Marl"
467,69.57,3,"Alte Bahnhofstraße 131, Langendreer-Alter Bahnhof, Bochum","Langendreer-Alter Bahnhof"
392,64.11,3.5,"Braunsberger Straße 96, Hofstede, Bochum","Hofstede"
840,108.26,4,"Schillerpark 16A, Oer-Erkenschwick, Recklinghausen (Kreis)","Oer-Erkenschwick"
348.94,72.89,3.5,"Sugambrerstraße 15, Bergkamen, Unna (Kreis)","Bergkamen"
453.45,87.15,3.5,"Fasanenstraße 13, Marl, Recklinghausen (Kreis)","Marl"
354.17,69.4,3.5,"Merkelheider Weg 47, Marl, Recklinghausen (Kreis)","Marl"
310,64,3.5,"Wiesenstraße 21, Herten, Recklinghausen (Kreis)","Herten"
380,64.29,3.5,"Bauernkamp 31, Werne, Bochum","Werne"
490,82.97,3.5,"Müserstraße 4, Werne, Bochum","Werne"
396,67,3.5,"Zum Pier 9, Lünen, Unna (Kreis)","Lünen"
