vorname,nachname,verein,position,S1,S2,S3,S4,S5,S6,S7,S8,S9,S10,S11,S12,S13,S14,S15,S16,S17,S18,S19,S20,S21,S22,S23,S24,S25,S26,S27,S28,S29,S30,S31,S32,S33,S34
Niklas,Süle,FC Bayern,DEFENDER,91.0,91.0,139.0,49.0,147.0,149.0,,,,,,,,,,,,,,,,,,,,,,,,,,,,
Manuel,Neuer,FC Bayern,GOAL_KEEPER,67.0,73.0,140.0,103.0,153.0,115.0,,,,,,,,,,,,,,,,,,,,,,,,,,,,
Eric Maxim,Choupo-Moting,FC Bayern,FORWARD,4.0,31.0,30.0,120.0,121.0,,,,,,,,,,,,,,,,,,,,,,,,,,,,,
Sven,Ulreich,FC Bayern,GOAL_KEEPER,0.0,0.0,,,,,,,,,,,,,,,,,,,,,,,,,,,,,,,,
Thomas,Müller,FC Bayern,MIDFIELDER,38.0,136.0,283.0,52.0,233.0,186.0,,,,,,,,,,,,,,,,,,,,,,,,,,,,
Robert,Lewandowski,FC Bayern,FORWARD,157.0,227.0,420.0,162.0,191.0,97.0,,,,,,,,,,,,,,,,,,,,,,,,,,,,
Leon,Goretzka,FC Bayern,MIDFIELDER,97.0,88.0,167.0,101.0,296.0,120.0,,,,,,,,,,,,,,,,,,,,,,,,,,,,
Leroy,Sané,FC Bayern,MIDFIELDER,85.0,51.0,103.0,211.0,306.0,96.0,,,,,,,,,,,,,,,,,,,,,,,,,,,,
Joshua,Kimmich,FC Bayern,MIDFIELDER,200.0,135.0,184.0,177.0,401.0,251.0,,,,,,,,,,,,,,,,,,,,,,,,,,,,
Kingsley,Coman,FC Bayern,MIDFIELDER,11.0,60.0,,,,,,,,,,,,,,,,,,,,,,,,,,,,,,,,
Marcel,Sabitzer,FC Bayern,MIDFIELDER,20.0,44.0,33.0,66.0,16.0,,,,,,,,,,,,,,,,,,,,,,,,,,,,,
Serge,Gnabry,FC Bayern,MIDFIELDER,85.0,280.0,122.0,52.0,299.0,12.0,,,,,,,,,,,,,,,,,,,,,,,,,,,,
Dayotchanculle,Upamecano,FC Bayern,DEFENDER,111.0,93.0,88.0,66.0,88.0,,,,,,,,,,,,,,,,,,,,,,,,,,,,,
Corentin,Tolisso,FC Bayern,MIDFIELDER,30.0,,,,,,,,,,,,,,,,,,,,,,,,,,,,,,,,,
Benjamin,Pavard,FC Bayern,DEFENDER,56.0,-20.0,,,,,,,,,,,,,,,,,,,,,,,,,,,,,,,,
Mickaël,Cuisance,FC Bayern,MIDFIELDER,21.0,,,,,,,,,,,,,,,,,,,,,,,,,,,,,,,,,
Christian,Früchtl,FC Bayern,GOAL_KEEPER,0.0,0.0,0.0,,,,,,,,,,,,,,,,,,,,,,,,,,,,,,,
Josip,Stanisic,FC Bayern,DEFENDER,74.0,43.0,150.0,34.0,93.0,18.0,,,,,,,,,,,,,,,,,,,,,,,,,,,,
Alphonso,Davies,FC Bayern,DEFENDER,156.0,96.0,195.0,235.0,104.0,157.0,,,,,,,,,,,,,,,,,,,,,,,,,,,,
Lucas,Hernández,FC Bayern,DEFENDER,77.0,147.0,102.0,,,,,,,,,,,,,,,,,,,,,,,,,,,,,,,
Jamal,Musiala,FC Bayern,MIDFIELDER,33.0,158.0,218.0,198.0,17.0,,,,,,,,,,,,,,,,,,,,,,,,,,,,,
Tanguy,Nianzou,FC Bayern,DEFENDER,51.0,157.0,24.0,,,,,,,,,,,,,,,,,,,,,,,,,,,,,,,
Marc,Roca,FC Bayern,MIDFIELDER,0.0,0.0,15.0,0.0,0.0,0.0,0.0,0.0,28.0,0.0,0.0,0.0,0.0,102.0,0.0,0.0,-2.0,0.0,0.0,44.0,0.0,0.0,0.0,0.0,-6.0,0.0,,,,,,,,
Bouna,Sarr,FC Bayern,DEFENDER,15.0,40.0,60.0,,,,,,,,,,,,,,,,,,,,,,,,,,,,,,,
Omar,Richards,FC Bayern,DEFENDER,106.0,,,,,,,,,,,,,,,,,,,,,,,,,,,,,,,,,
Emre,Can,Borussia Dortmund,DEFENDER,-3.0,,,,,,,,,,,,,,,,,,,,,,,,,,,,,,,,,
Mats,Hummels,Borussia Dortmund,DEFENDER,-9.0,34.0,141.0,69.0,,,,,,,,,,,,,,,,,,,,,,,,,,,,,,
Marco,Reus,Borussia Dortmund,MIDFIELDER,232.0,56.0,173.0,123.0,163.0,,,,,,,,,,,,,,,,,,,,,,,,,,,,,
Marcel,Schmelzer,Borussia Dortmund,DEFENDER,0.0,0.0,0.0,0.0,0.0,5.0,0.0,13.0,0.0,0.0,0.0,0.0,0.0,0.0,16.0,31.0,0.0,178.0,15.0,0.0,34.0,,,,,,,,,,,,,
Marwin,Hitz,Borussia Dortmund,GOAL_KEEPER,0.0,0.0,138.0,144.0,0.0,0.0,0.0,0.0,0.0,0.0,0.0,0.0,0.0,0.0,0.0,0.0,0.0,47.0,7.0,58.0,120.0,121.0,59.0,104.0,46.0,23.0,49.0,95.0,125.0,118.0,46.0,,,
Nico,Schulz,Borussia Dortmund,DEFENDER,66.0,6.0,-9.0,,,,,,,,,,,,,,,,,,,,,,,,,,,,,,,
Mahmoud,Dahoud,Borussia Dortmund,MIDFIELDER,109.0,73.0,101.0,81.0,116.0,-69.0,,,,,,,,,,,,,,,,,,,,,,,,,,,,
Julian,Brandt,Borussia Dortmund,MIDFIELDER,13.0,82.0,168.0,,,,,,,,,,,,,,,,,,,,,,,,,,,,,,,
Roman,Bürki,Borussia Dortmund,GOAL_KEEPER,121.0,16.0,0.0,95.0,113.0,78.0,58.0,33.0,35.0,47.0,69.0,42.0,134.0,100.0,46.0,104.0,-10.0,0.0,0.0,0.0,0.0,0.0,0.0,0.0,0.0,55.0,97.0,118.0,,,,,,
Thorgan,Hazard,Borussia Dortmund,MIDFIELDER,203.0,17.0,-4.0,,,,,,,,,,,,,,,,,,,,,,,,,,,,,,,
Felix,Passlack,Borussia Dortmund,DEFENDER,36.0,74.0,14.0,,,,,,,,,,,,,,,,,,,,,,,,,,,,,,,
Marius,Wolf,Borussia Dortmund,MIDFIELDER,45.0,17.0,50.0,5.0,,,,,,,,,,,,,,,,,,,,,,,,,,,,,,
Raphael Adelino,Jose Guerreiro,Borussia Dortmund,DEFENDER,46.0,152.0,245.0,250.0,47.0,,,,,,,,,,,,,,,,,,,,,,,,,,,,,
Gregor,Kobel,Borussia Dortmund,GOAL_KEEPER,119.0,48.0,94.0,79.0,81.0,50.0,,,,,,,,,,,,,,,,,,,,,,,,,,,,
Dan-Axel,Zagadou,Borussia Dortmund,DEFENDER,79.0,-13.0,19.0,0.0,15.0,34.0,49.0,23.0,58.0,43.0,,,,,,,,,,,,,,,,,,,,,,,,
Manuel,Akanji,Borussia Dortmund,DEFENDER,117.0,106.0,126.0,120.0,104.0,31.0,,,,,,,,,,,,,,,,,,,,,,,,,,,,
Axel,Witsel,Borussia Dortmund,MIDFIELDER,95.0,67.0,139.0,50.0,61.0,41.0,,,,,,,,,,,,,,,,,,,,,,,,,,,,
Luca,Unbehaun,Borussia Dortmund,GOAL_KEEPER,0.0,0.0,0.0,0.0,0.0,,,,,,,,,,,,,,,,,,,,,,,,,,,,,
Tobias,Raschl,Borussia Dortmund,MIDFIELDER,0.0,,,,,,,,,,,,,,,,,,,,,,,,,,,,,,,,,
Mateu,Morey,Borussia Dortmund,DEFENDER,0.0,0.0,23.0,0.0,0.0,0.0,80.0,11.0,108.0,-4.0,0.0,0.0,0.0,0.0,4.0,66.0,0.0,0.0,121.0,131.0,-13.0,183.0,0.0,103.0,144.0,0.0,0.0,,,,,,,
Giovanni,Reyna,Borussia Dortmund,MIDFIELDER,155.0,79.0,201.0,,,,,,,,,,,,,,,,,,,,,,,,,,,,,,,
Steffen,Tigges,Borussia Dortmund,FORWARD,13.0,,,,,,,,,,,,,,,,,,,,,,,,,,,,,,,,,
Erling,Haaland,Borussia Dortmund,FORWARD,446.0,63.0,208.0,343.0,259.0,,,,,,,,,,,,,,,,,,,,,,,,,,,,,
Marin,Pongracic,Borussia Dortmund,DEFENDER,90.0,15.0,-2.0,,,,,,,,,,,,,,,,,,,,,,,,,,,,,,,
Thomas,Meunier,Borussia Dortmund,DEFENDER,93.0,100.0,188.0,32.0,,,,,,,,,,,,,,,,,,,,,,,,,,,,,,
Jude,Bellingham,Borussia Dortmund,MIDFIELDER,147.0,95.0,213.0,69.0,88.0,43.0,,,,,,,,,,,,,,,,,,,,,,,,,,,,
Ansgar,Knauff,Borussia Dortmund,MIDFIELDER,-15.0,,,,,,,,,,,,,,,,,,,,,,,,,,,,,,,,,
Youssoufa,Moukoko,Borussia Dortmund,FORWARD,10.0,-11.0,23.0,20.0,-4.0,,,,,,,,,,,,,,,,,,,,,,,,,,,,,
Reinier Jesus,Carvalho,Borussia Dortmund,MIDFIELDER,-7.0,,,,,,,,,,,,,,,,,,,,,,,,,,,,,,,,,
Soumaula,Coulibaly,Borussia Dortmund,DEFENDER,,,,,,,,,,,,,,,,,,,,,,,,,,,,,,,,,,
Antonios,Papadopoulos,Borussia Dortmund,DEFENDER,12.0,,,,,,,,,,,,,,,,,,,,,,,,,,,,,,,,,
Abdoulaye,Kamara,Borussia Dortmund,DEFENDER,,,,,,,,,,,,,,,,,,,,,,,,,,,,,,,,,,
Donyell,Malen,Borussia Dortmund,FORWARD,10.0,18.0,121.0,47.0,74.0,25.0,,,,,,,,,,,,,,,,,,,,,,,,,,,,
Amin,Younes,Eintracht Frankfurt,MIDFIELDER,25.0,-16.0,54.0,41.0,-15.0,27.0,118.0,167.0,75.0,105.0,151.0,114.0,77.0,121.0,81.0,206.0,40.0,79.0,28.0,60.0,11.0,38.0,21.0,-23.0,59.0,130.0,,,,,,,,
Makoto,Hasebe,Eintracht Frankfurt,DEFENDER,-18.0,16.0,,,,,,,,,,,,,,,,,,,,,,,,,,,,,,,,
Jens,Grahl,Eintracht Frankfurt,GOAL_KEEPER,0.0,,,,,,,,,,,,,,,,,,,,,,,,,,,,,,,,,
Sebastian,Rode,Eintracht Frankfurt,MIDFIELDER,69.0,178.0,85.0,98.0,55.0,99.0,3.0,61.0,43.0,56.0,118.0,14.0,26.0,33.0,21.0,21.0,51.0,35.0,23.0,71.0,120.0,78.0,56.0,48.0,160.0,13.0,28.0,,,,,,,
Kevin,Trapp,Eintracht Frankfurt,GOAL_KEEPER,49.0,55.0,30.0,48.0,113.0,18.0,,,,,,,,,,,,,,,,,,,,,,,,,,,,
Timothy,Chandler,Eintracht Frankfurt,DEFENDER,41.0,,,,,,,,,,,,,,,,,,,,,,,,,,,,,,,,,
Erik,Durm,Eintracht Frankfurt,DEFENDER,64.0,121.0,77.0,40.0,14.0,,,,,,,,,,,,,,,,,,,,,,,,,,,,,
Danny,Da Costa,Eintracht Frankfurt,DEFENDER,-1.0,-2.0,46.0,40.0,,,,,,,,,,,,,,,,,,,,,,,,,,,,,,
Filip,Kostic,Eintracht Frankfurt,MIDFIELDER,15.0,136.0,114.0,89.0,118.0,,,,,,,,,,,,,,,,,,,,,,,,,,,,,
Djibril,Sow,Eintracht Frankfurt,MIDFIELDER,59.0,77.0,95.0,120.0,36.0,44.0,,,,,,,,,,,,,,,,,,,,,,,,,,,,
Christopher,Lenz,Eintracht Frankfurt,DEFENDER,38.0,129.0,80.0,95.0,,,,,,,,,,,,,,,,,,,,,,,,,,,,,,
Martin,Hinteregger,Eintracht Frankfurt,DEFENDER,4.0,80.0,96.0,93.0,35.0,98.0,,,,,,,,,,,,,,,,,,,,,,,,,,,,
Stefan,Ilsanker,Eintracht Frankfurt,MIDFIELDER,-26.0,3.0,7.0,,,,,,,,,,,,,,,,,,,,,,,,,,,,,,,
Aymane,Barkok,Eintracht Frankfurt,MIDFIELDER,-1.0,29.0,,,,,,,,,,,,,,,,,,,,,,,,,,,,,,,,
Daichi,Kamada,Eintracht Frankfurt,MIDFIELDER,-10.0,20.0,45.0,99.0,56.0,26.0,,,,,,,,,,,,,,,,,,,,,,,,,,,,
Obite,Ndicka,Eintracht Frankfurt,DEFENDER,33.0,140.0,109.0,48.0,21.0,66.0,,,,,,,,,,,,,,,,,,,,,,,,,,,,
Gonçalo,Mendes Paciência,Eintracht Frankfurt,FORWARD,29.0,-4.0,,,,,,,,,,,,,,,,,,,,,,,,,,,,,,,,
Almamy,Touré,Eintracht Frankfurt,DEFENDER,0.0,71.0,87.0,76.0,48.0,54.0,4.0,0.0,0.0,0.0,25.0,19.0,56.0,73.0,29.0,106.0,23.0,30.0,104.0,0.0,5.0,130.0,,,,,,,,,,,,
Lucas,Silva Melo,Eintracht Frankfurt,DEFENDER,0.0,0.0,37.0,0.0,19.0,0.0,0.0,0.0,0.0,0.0,146.0,0.0,0.0,0.0,59.0,85.0,80.0,114.0,126.0,89.0,66.0,37.0,74.0,10.0,36.0,69.0,-7.0,67.0,17.0,44.0,,,,
Diant,Ramaj,Eintracht Frankfurt,GOAL_KEEPER,,,,,,,,,,,,,,,,,,,,,,,,,,,,,,,,,,
Ragnar,Ache,Eintracht Frankfurt,FORWARD,53.0,-4.0,-4.0,,,,,,,,,,,,,,,,,,,,,,,,,,,,,,,
Ajdin,Hrustic,Eintracht Frankfurt,MIDFIELDER,41.0,93.0,96.0,54.0,-3.0,,,,,,,,,,,,,,,,,,,,,,,,,,,,,
Martin,Pečar,Eintracht Frankfurt,MIDFIELDER,,,,,,,,,,,,,,,,,,,,,,,,,,,,,,,,,,
Fabio,Blanco Gomez,Eintracht Frankfurt,FORWARD,,,,,,,,,,,,,,,,,,,,,,,,,,,,,,,,,,
Santos,Borré,Eintracht Frankfurt,FORWARD,-21.0,103.0,37.0,13.0,16.0,123.0,,,,,,,,,,,,,,,,,,,,,,,,,,,,
Jesper,Lindstrøm,Eintracht Frankfurt,MIDFIELDER,44.0,132.0,28.0,41.0,6.0,46.0,,,,,,,,,,,,,,,,,,,,,,,,,,,,
Jens Petter,Hauge,Eintracht Frankfurt,MIDFIELDER,91.0,79.0,139.0,36.0,7.0,35.0,,,,,,,,,,,,,,,,,,,,,,,,,,,,
Kristijan,Jakić,Eintracht Frankfurt,MIDFIELDER,73.0,44.0,60.0,,,,,,,,,,,,,,,,,,,,,,,,,,,,,,,
Sam,Lammers,Eintracht Frankfurt,FORWARD,68.0,134.0,30.0,,,,,,,,,,,,,,,,,,,,,,,,,,,,,,,
Benjamin,Uphoff,SC Freiburg,GOAL_KEEPER,0.0,0.0,0.0,0.0,0.0,0.0,0.0,0.0,0.0,0.0,0.0,0.0,0.0,0.0,0.0,0.0,0.0,0.0,0.0,0.0,0.0,0.0,0.0,0.0,0.0,0.0,0.0,0.0,0.0,0.0,0.0,0.0,0.0,0.0
Mark,Flekken,SC Freiburg,GOAL_KEEPER,104.0,76.0,121.0,84.0,117.0,142.0,,,,,,,,,,,,,,,,,,,,,,,,,,,,
Christian,Günter,SC Freiburg,DEFENDER,77.0,76.0,155.0,50.0,49.0,156.0,,,,,,,,,,,,,,,,,,,,,,,,,,,,
Vincenzo,Grifo,SC Freiburg,MIDFIELDER,133.0,204.0,75.0,49.0,19.0,214.0,,,,,,,,,,,,,,,,,,,,,,,,,,,,
Nils,Petersen,SC Freiburg,FORWARD,6.0,9.0,37.0,,,,,,,,,,,,,,,,,,,,,,,,,,,,,,,
Nicolas,Höfler,SC Freiburg,MIDFIELDER,90.0,96.0,50.0,149.0,,,,,,,,,,,,,,,,,,,,,,,,,,,,,,
Jonathan,Schmid,SC Freiburg,DEFENDER,111.0,51.0,,,,,,,,,,,,,,,,,,,,,,,,,,,,,,,,
Manuel,Gulde,SC Freiburg,DEFENDER,60.0,33.0,70.0,85.0,,,,,,,,,,,,,,,,,,,,,,,,,,,,,,
Dominique,Heintz,SC Freiburg,DEFENDER,15.0,,,,,,,,,,,,,,,,,,,,,,,,,,,,,,,,,
Lukas,Kübler,SC Freiburg,DEFENDER,22.0,56.0,40.0,97.0,248.0,,,,,,,,,,,,,,,,,,,,,,,,,,,,,
Janik,Haberer,SC Freiburg,MIDFIELDER,3.0,19.0,39.0,19.0,32.0,14.0,,,,,,,,,,,,,,,,,,,,,,,,,,,,
Maximilian,Eggestein,SC Freiburg,MIDFIELDER,16.0,74.0,20.0,16.0,175.0,,,,,,,,,,,,,,,,,,,,,,,,,,,,,
Philipp,Lienhart,SC Freiburg,DEFENDER,102.0,149.0,134.0,87.0,112.0,152.0,,,,,,,,,,,,,,,,,,,,,,,,,,,,
Lucas,Höler,SC Freiburg,FORWARD,69.0,117.0,159.0,13.0,48.0,249.0,,,,,,,,,,,,,,,,,,,,,,,,,,,,
Keven,Schlotterbeck,SC Freiburg,DEFENDER,-2.0,0.0,0.0,0.0,0.0,0.0,75.0,84.0,101.0,160.0,97.0,120.0,139.0,61.0,-12.0,130.0,48.0,91.0,3.0,40.0,-5.0,-8.0,30.0,101.0,57.0,123.0,-9.0,17.0,37.0,0.0,0.0,,,
Woo-Yeong,Jeong,SC Freiburg,MIDFIELDER,46.0,86.0,234.0,31.0,-1.0,53.0,,,,,,,,,,,,,,,,,,,,,,,,,,,,
Roland,Sallai,SC Freiburg,MIDFIELDER,7.0,146.0,131.0,43.0,49.0,37.0,,,,,,,,,,,,,,,,,,,,,,,,,,,,
Nico,Schlotterbeck,SC Freiburg,DEFENDER,136.0,121.0,156.0,149.0,87.0,156.0,,,,,,,,,,,,,,,,,,,,,,,,,,,,
Yannik,Keitel,SC Freiburg,MIDFIELDER,66.0,-31.0,48.0,47.0,46.0,26.0,,,,,,,,,,,,,,,,,,,,,,,,,,,,
Ermedin,Demirović,SC Freiburg,FORWARD,-3.0,2.0,19.0,-1.0,45.0,,,,,,,,,,,,,,,,,,,,,,,,,,,,,
Kevin,Schade,SC Freiburg,FORWARD,24.0,10.0,17.0,39.0,,,,,,,,,,,,,,,,,,,,,,,,,,,,,,
Nishan,Connell Burkart,SC Freiburg,FORWARD,0.0,-9.0,0.0,,,,,,,,,,,,,,,,,,,,,,,,,,,,,,,
Kiliann,Sildillia,SC Freiburg,DEFENDER,0.0,0.0,,,,,,,,,,,,,,,,,,,,,,,,,,,,,,,,
Noah,Weißhaupt,SC Freiburg,FORWARD,35.0,,,,,,,,,,,,,,,,,,,,,,,,,,,,,,,,,
Kerem,Demirbay,Bayer 04 Leverkusen,MIDFIELDER,90.0,101.0,205.0,43.0,51.0,180.0,,,,,,,,,,,,,,,,,,,,,,,,,,,,
Jonathan,Tah,Bayer 04 Leverkusen,DEFENDER,88.0,168.0,110.0,37.0,114.0,119.0,,,,,,,,,,,,,,,,,,,,,,,,,,,,
Julian,Baumgartlinger,Bayer 04 Leverkusen,MIDFIELDER,-1.0,26.0,,,,,,,,,,,,,,,,,,,,,,,,,,,,,,,,
Karim,Bellarabi,Bayer 04 Leverkusen,MIDFIELDER,12.0,31.0,77.0,,,,,,,,,,,,,,,,,,,,,,,,,,,,,,,
Robert,Andrich,Bayer 04 Leverkusen,MIDFIELDER,54.0,48.0,69.0,59.0,,,,,,,,,,,,,,,,,,,,,,,,,,,,,,
Nadiem,Amiri,Bayer 04 Leverkusen,MIDFIELDER,68.0,131.0,16.0,20.0,33.0,,,,,,,,,,,,,,,,,,,,,,,,,,,,,
Lukas,Hradecky,Bayer 04 Leverkusen,GOAL_KEEPER,82.0,279.0,86.0,59.0,86.0,159.0,,,,,,,,,,,,,,,,,,,,,,,,,,,,
Charles,Aránguiz,Bayer 04 Leverkusen,MIDFIELDER,92.0,91.0,114.0,67.0,100.0,,,,,,,,,,,,,,,,,,,,,,,,,,,,,
Panagiotis,Retsos,Bayer 04 Leverkusen,DEFENDER,0.0,0.0,0.0,0.0,0.0,0.0,0.0,0.0,0.0,0.0,0.0,0.0,0.0,-13.0,23.0,98.0,0.0,0.0,,,,,,,,,,,,,,,,
Lucas,Alario,Bayer 04 Leverkusen,FORWARD,-19.0,11.0,,,,,,,,,,,,,,,,,,,,,,,,,,,,,,,,
Paulo Henrique,Sampaio Filho,Bayer 04 Leverkusen,MIDFIELDER,11.0,61.0,105.0,64.0,9.0,,,,,,,,,,,,,,,,,,,,,,,,,,,,,
Daley,Sinkgraven,Bayer 04 Leverkusen,DEFENDER,21.0,,,,,,,,,,,,,,,,,,,,,,,,,,,,,,,,,
Moussa,Diaby,Bayer 04 Leverkusen,FORWARD,160.0,244.0,101.0,130.0,69.0,118.0,,,,,,,,,,,,,,,,,,,,,,,,,,,,
Patrik,Schick,Bayer 04 Leverkusen,FORWARD,60.0,178.0,209.0,103.0,118.0,73.0,,,,,,,,,,,,,,,,,,,,,,,,,,,,
Exequiel,Palacios,Bayer 04 Leverkusen,MIDFIELDER,75.0,104.0,75.0,,,,,,,,,,,,,,,,,,,,,,,,,,,,,,,
Edmond,Tapsoba,Bayer 04 Leverkusen,DEFENDER,140.0,74.0,40.0,173.0,96.0,82.0,88.0,37.0,114.0,35.0,69.0,33.0,113.0,85.0,109.0,77.0,101.0,88.0,164.0,220.0,101.0,144.0,120.0,65.0,81.0,122.0,138.0,84.0,99.0,122.0,83.0,,,
Florian,Wirtz,Bayer 04 Leverkusen,MIDFIELDER,71.0,195.0,179.0,232.0,223.0,,,,,,,,,,,,,,,,,,,,,,,,,,,,,
Emrehan,Gedikli,Bayer 04 Leverkusen,FORWARD,0.0,0.0,0.0,0.0,0.0,0.0,0.0,0.0,0.0,0.0,0.0,-15.0,,,,,,,,,,,,,,,,,,,,,,
Timothy Evans,Fosu-Mensah,Bayer 04 Leverkusen,DEFENDER,0.0,20.0,58.0,79.0,67.0,80.0,16.0,,,,,,,,,,,,,,,,,,,,,,,,,,,
Jeremie,Frimpong,Bayer 04 Leverkusen,DEFENDER,126.0,127.0,72.0,23.0,85.0,205.0,,,,,,,,,,,,,,,,,,,,,,,,,,,,
Andrey,Lunev,Bayer 04 Leverkusen,GOAL_KEEPER,,,,,,,,,,,,,,,,,,,,,,,,,,,,,,,,,,
Batuhan Zidan,Sertdemir,Bayer 04 Leverkusen,MIDFIELDER,,,,,,,,,,,,,,,,,,,,,,,,,,,,,,,,,,
Mitchel,Bakker,Bayer 04 Leverkusen,DEFENDER,88.0,244.0,45.0,24.0,144.0,143.0,,,,,,,,,,,,,,,,,,,,,,,,,,,,
Odilon,Kossounou,Bayer 04 Leverkusen,DEFENDER,77.0,159.0,123.0,-65.0,91.0,113.0,,,,,,,,,,,,,,,,,,,,,,,,,,,,
Piero,Hincapié,Bayer 04 Leverkusen,DEFENDER,27.0,30.0,,,,,,,,,,,,,,,,,,,,,,,,,,,,,,,,
Amine,Adli,Bayer 04 Leverkusen,FORWARD,12.0,-18.0,27.0,77.0,,,,,,,,,,,,,,,,,,,,,,,,,,,,,,
Philipp,Klement,VfB Stuttgart,MIDFIELDER,306.0,32.0,38.0,66.0,16.0,,,,,,,,,,,,,,,,,,,,,,,,,,,,,
Marc-Oliver,Kempf,VfB Stuttgart,DEFENDER,384.0,-14.0,79.0,40.0,114.0,6.0,,,,,,,,,,,,,,,,,,,,,,,,,,,,
Daniel,Didavi,VfB Stuttgart,MIDFIELDER,98.0,-21.0,-11.0,1.0,,,,,,,,,,,,,,,,,,,,,,,,,,,,,,
Erik,Thommy,VfB Stuttgart,MIDFIELDER,53.0,-5.0,37.0,,,,,,,,,,,,,,,,,,,,,,,,,,,,,,,
Waldemar,Anton,VfB Stuttgart,DEFENDER,114.0,31.0,104.0,-57.0,99.0,,,,,,,,,,,,,,,,,,,,,,,,,,,,,
Pascal,Stenzel,VfB Stuttgart,DEFENDER,-2.0,8.0,,,,,,,,,,,,,,,,,,,,,,,,,,,,,,,,
Florian,Müller,VfB Stuttgart,GOAL_KEEPER,86.0,84.0,90.0,64.0,-1.0,112.0,,,,,,,,,,,,,,,,,,,,,,,,,,,,
Orel,Mangala,VfB Stuttgart,MIDFIELDER,0.0,102.0,42.0,,,,,,,,,,,,,,,,,,,,,,,,,,,,,,,
Nikolas,Nartey,VfB Stuttgart,MIDFIELDER,-10.0,0.0,,,,,,,,,,,,,,,,,,,,,,,,,,,,,,,,
Chris,Führich,VfB Stuttgart,MIDFIELDER,81.0,,,,,,,,,,,,,,,,,,,,,,,,,,,,,,,,,
Atakan,Karazor,VfB Stuttgart,MIDFIELDER,19.0,86.0,35.0,96.0,,,,,,,,,,,,,,,,,,,,,,,,,,,,,,
Fabian,Bredlow,VfB Stuttgart,GOAL_KEEPER,0.0,0.0,0.0,0.0,0.0,0.0,0.0,0.0,0.0,0.0,0.0,0.0,0.0,0.0,0.0,0.0,0.0,0.0,0.0,0.0,0.0,0.0,0.0,0.0,0.0,0.0,0.0,0.0,0.0,0.0,0.0,171.0,0.0,0.0
Borna,Sosa,VfB Stuttgart,DEFENDER,334.0,30.0,1.0,13.0,86.0,109.0,,,,,,,,,,,,,,,,,,,,,,,,,,,,
Philipp,Förster,VfB Stuttgart,MIDFIELDER,247.0,5.0,35.0,,,,,,,,,,,,,,,,,,,,,,,,,,,,,,,
Hamadi,Al Ghaddioui,VfB Stuttgart,FORWARD,137.0,-2.0,206.0,8.0,-14.0,21.0,,,,,,,,,,,,,,,,,,,,,,,,,,,,
Roberto,Massimo,VfB Stuttgart,MIDFIELDER,83.0,38.0,30.0,49.0,16.0,24.0,,,,,,,,,,,,,,,,,,,,,,,,,,,,
Omar,Marmoush,VfB Stuttgart,FORWARD,21.0,18.0,157.0,17.0,102.0,,,,,,,,,,,,,,,,,,,,,,,,,,,,,
Clinton,Mola,VfB Stuttgart,MIDFIELDER,0.0,0.0,,,,,,,,,,,,,,,,,,,,,,,,,,,,,,,,
Mateo,Klimowicz,VfB Stuttgart,MIDFIELDER,181.0,-16.0,55.0,8.0,5.0,25.0,,,,,,,,,,,,,,,,,,,,,,,,,,,,
Sasa,Kalajdzic,VfB Stuttgart,FORWARD,-23.0,,,,,,,,,,,,,,,,,,,,,,,,,,,,,,,,,
Silas,Katompa Mvumpa,VfB Stuttgart,MIDFIELDER,118.0,264.0,18.0,75.0,21.0,-3.0,53.0,171.0,172.0,254.0,299.0,20.0,-7.0,10.0,221.0,140.0,219.0,158.0,17.0,46.0,110.0,103.0,39.0,178.0,-13.0,,,,,,,,,
Tanguy,Coulibaly,VfB Stuttgart,MIDFIELDER,10.0,-13.0,51.0,,,,,,,,,,,,,,,,,,,,,,,,,,,,,,,
Lilian,Egloff,VfB Stuttgart,MIDFIELDER,18.0,0.0,0.0,0.0,16.0,,,,,,,,,,,,,,,,,,,,,,,,,,,,,
Wataru,Endo,VfB Stuttgart,MIDFIELDER,240.0,59.0,143.0,95.0,76.0,110.0,,,,,,,,,,,,,,,,,,,,,,,,,,,,
Konstantinos,Mavropanos,VfB Stuttgart,DEFENDER,158.0,31.0,144.0,129.0,129.0,121.0,,,,,,,,,,,,,,,,,,,,,,,,,,,,
Alkhaly Momo,Cissé,VfB Stuttgart,FORWARD,5.0,0.0,0.0,0.0,1.0,0.0,0.0,-15.0,-25.0,0.0,,,,,,,,,,,,,,,,,,,,,,,,
Naouirou,Ahamada,VfB Stuttgart,MIDFIELDER,0.0,32.0,0.0,0.0,38.0,41.0,0.0,0.0,0.0,9.0,-87.0,-71.0,,,,,,,,,,,,,,,,,,,,,,
Mohamed,Sankoh,VfB Stuttgart,FORWARD,12.0,,,,,,,,,,,,,,,,,,,,,,,,,,,,,,,,,
Ömer Faruk,Beyaz,VfB Stuttgart,MIDFIELDER,21.0,4.0,,,,,,,,,,,,,,,,,,,,,,,,,,,,,,,,
Hiroki,Ito,VfB Stuttgart,DEFENDER,5.0,11.0,26.0,,,,,,,,,,,,,,,,,,,,,,,,,,,,,,,
Enzo,Millot,VfB Stuttgart,MIDFIELDER,-5.0,-19.0,,,,,,,,,,,,,,,,,,,,,,,,,,,,,,,,
Wahidullah,Faghir,VfB Stuttgart,FORWARD,,,,,,,,,,,,,,,,,,,,,,,,,,,,,,,,,,
Maximilian,Arnold,VfL Wolfsburg,MIDFIELDER,127.0,147.0,100.0,92.0,92.0,77.0,,,,,,,,,,,,,,,,,,,,,,,,,,,,
Koen,Casteels,VfL Wolfsburg,GOAL_KEEPER,137.0,144.0,124.0,135.0,45.0,2.0,,,,,,,,,,,,,,,,,,,,,,,,,,,,
Daniel,Ginczek,VfL Wolfsburg,FORWARD,0.0,36.0,-1.0,0.0,0.0,21.0,0.0,-17.0,31.0,-16.0,0.0,0.0,0.0,0.0,0.0,-11.0,15.0,0.0,0.0,-6.0,0.0,12.0,0.0,0.0,0.0,1.0,,,,,,,,
John Anthony,Brooks,VfL Wolfsburg,DEFENDER,178.0,77.0,92.0,43.0,61.0,,,,,,,,,,,,,,,,,,,,,,,,,,,,,
Admir,Mehmedi,VfL Wolfsburg,FORWARD,17.0,,,,,,,,,,,,,,,,,,,,,,,,,,,,,,,,,
Luca,Waldschmidt,VfL Wolfsburg,FORWARD,159.0,33.0,-13.0,,,,,,,,,,,,,,,,,,,,,,,,,,,,,,,
Maximilian,Philipp,VfL Wolfsburg,FORWARD,157.0,29.0,63.0,71.0,64.0,,,,,,,,,,,,,,,,,,,,,,,,,,,,,
Yannick,Gerhardt,VfL Wolfsburg,MIDFIELDER,19.0,31.0,158.0,43.0,,,,,,,,,,,,,,,,,,,,,,,,,,,,,,
Marvin,Stefaniak,VfL Wolfsburg,MIDFIELDER,,,,,,,,,,,,,,,,,,,,,,,,,,,,,,,,,,
Josuha,Guilavogui,VfL Wolfsburg,MIDFIELDER,34.0,17.0,33.0,142.0,119.0,46.0,,,,,,,,,,,,,,,,,,,,,,,,,,,,
Niklas,Klinger,VfL Wolfsburg,GOAL_KEEPER,0.0,,,,,,,,,,,,,,,,,,,,,,,,,,,,,,,,,
William,de Asevedo Furtado,VfL Wolfsburg,DEFENDER,15.0,0.0,-4.0,0.0,0.0,-12.0,72.0,33.0,3.0,22.0,72.0,25.0,-14.0,0.0,0.0,,,,,,,,,,,,,,,,,,,
Bote,Baku,VfL Wolfsburg,MIDFIELDER,72.0,180.0,83.0,103.0,28.0,138.0,,,,,,,,,,,,,,,,,,,,,,,,,,,,
Renato,Steffen,VfL Wolfsburg,MIDFIELDER,165.0,54.0,87.0,26.0,12.0,,,,,,,,,,,,,,,,,,,,,,,,,,,,,
Wout,Weghorst,VfL Wolfsburg,FORWARD,153.0,104.0,78.0,235.0,89.0,21.0,,,,,,,,,,,,,,,,,,,,,,,,,,,,
Pavao,Pervan,VfL Wolfsburg,GOAL_KEEPER,0.0,115.0,0.0,0.0,0.0,0.0,0.0,0.0,0.0,0.0,0.0,0.0,0.0,0.0,0.0,0.0,0.0,0.0,0.0,0.0,0.0,0.0,0.0,0.0,0.0,0.0,0.0,0.0,0.0,0.0,0.0,35.0,,
Dodi,Lukebakio Ngandoli,VfL Wolfsburg,FORWARD,-17.0,141.0,-16.0,14.0,99.0,44.0,,,,,,,,,,,,,,,,,,,,,,,,,,,,
Jérôme,Roussillon,VfL Wolfsburg,DEFENDER,114.0,71.0,199.0,9.0,-2.0,,,,,,,,,,,,,,,,,,,,,,,,,,,,,
Paulo,Otávio,VfL Wolfsburg,DEFENDER,10.0,38.0,101.0,0.0,32.0,21.0,0.0,-15.0,122.0,82.0,99.0,36.0,83.0,188.0,148.0,179.0,126.0,111.0,167.0,-20.0,113.0,33.0,141.0,6.0,91.0,,,,,,,,,
Kevin,Mbabu,VfL Wolfsburg,DEFENDER,165.0,71.0,89.0,35.0,123.0,2.0,,,,,,,,,,,,,,,,,,,,,,,,,,,,
Xaver,Schlager,VfL Wolfsburg,MIDFIELDER,132.0,133.0,56.0,,,,,,,,,,,,,,,,,,,,,,,,,,,,,,,
Lukas,Nmecha,VfL Wolfsburg,FORWARD,130.0,9.0,184.0,25.0,-17.0,,,,,,,,,,,,,,,,,,,,,,,,,,,,,
Sebastiaan,Bornauw,VfL Wolfsburg,DEFENDER,108.0,93.0,10.0,,,,,,,,,,,,,,,,,,,,,,,,,,,,,,,
Bartosz,Białek,VfL Wolfsburg,FORWARD,0.0,0.0,0.0,0.0,0.0,0.0,0.0,15.0,111.0,0.0,45.0,2.0,64.0,4.0,0.0,0.0,104.0,15.0,35.0,15.0,0.0,15.0,36.0,-8.0,33.0,0.0,0.0,-7.0,-14.0,8.0,-9.0,,,
Maxence,Lacroix,VfL Wolfsburg,DEFENDER,151.0,116.0,123.0,159.0,73.0,80.0,,,,,,,,,,,,,,,,,,,,,,,,,,,,
Aster Jan,Vranckx,VfL Wolfsburg,MIDFIELDER,,,,,,,,,,,,,,,,,,,,,,,,,,,,,,,,,,
Anselmo García,McNulty,VfL Wolfsburg,DEFENDER,,,,,,,,,,,,,,,,,,,,,,,,,,,,,,,,,,
Felix Kalu,Nmecha,VfL Wolfsburg,MIDFIELDER,,,,,,,,,,,,,,,,,,,,,,,,,,,,,,,,,,
Mickey,van de Ven,VfL Wolfsburg,DEFENDER,,,,,,,,,,,,,,,,,,,,,,,,,,,,,,,,,,
Jan,Moravek,FC Augsburg,MIDFIELDER,2.0,33.0,,,,,,,,,,,,,,,,,,,,,,,,,,,,,,,,
Michael,Gregoritsch,FC Augsburg,FORWARD,-10.0,16.0,-18.0,,,,,,,,,,,,,,,,,,,,,,,,,,,,,,,
Daniel,Caligiuri,FC Augsburg,MIDFIELDER,-28.0,48.0,1.0,122.0,130.0,40.0,,,,,,,,,,,,,,,,,,,,,,,,,,,,
André,Hahn,FC Augsburg,FORWARD,9.0,23.0,66.0,106.0,61.0,-8.0,,,,,,,,,,,,,,,,,,,,,,,,,,,,
Tobias,Strobl,FC Augsburg,MIDFIELDER,36.0,15.0,14.0,36.0,-29.0,95.0,27.0,47.0,59.0,49.0,15.0,86.0,19.0,86.0,52.0,0.0,23.0,45.0,2.0,-4.0,8.0,46.0,120.0,26.0,54.0,-8.0,0.0,19.0,52.0,-9.0,-20.0,0.0,0.0,0.0
Raphael,Framberger,FC Augsburg,DEFENDER,38.0,-17.0,84.0,59.0,-67.0,,,,,,,,,,,,,,,,,,,,,,,,,,,,,
Carlos,Gruezo,FC Augsburg,MIDFIELDER,44.0,14.0,5.0,,,,,,,,,,,,,,,,,,,,,,,,,,,,,,,
Florian,Niederlechner,FC Augsburg,FORWARD,4.0,13.0,56.0,70.0,103.0,6.0,,,,,,,,,,,,,,,,,,,,,,,,,,,,
Jeffrey,Gouweleeuw,FC Augsburg,DEFENDER,4.0,88.0,118.0,-5.0,,,,,,,,,,,,,,,,,,,,,,,,,,,,,,
Alfred,Finnbogason,FC Augsburg,FORWARD,32.0,47.0,33.0,92.0,-8.0,2.0,24.0,20.0,32.0,0.0,8.0,-73.0,13.0,0.0,24.0,-67.0,-9.0,10.0,-14.0,,,,,,,,,,,,,,,
Noah Joel,Sarenren Bazee,FC Augsburg,MIDFIELDER,-28.0,-17.0,,,,,,,,,,,,,,,,,,,,,,,,,,,,,,,,
Niklas,Dorsch,FC Augsburg,MIDFIELDER,-20.0,45.0,47.0,85.0,105.0,5.0,,,,,,,,,,,,,,,,,,,,,,,,,,,,
Rafal,Gikiewicz,FC Augsburg,GOAL_KEEPER,28.0,142.0,5.0,168.0,109.0,99.0,,,,,,,,,,,,,,,,,,,,,,,,,,,,
Arne,Maier,FC Augsburg,MIDFIELDER,-26.0,0.0,16.0,-12.0,,,,,,,,,,,,,,,,,,,,,,,,,,,,,,
Reece,Oxford,FC Augsburg,DEFENDER,127.0,40.0,104.0,171.0,41.0,,,,,,,,,,,,,,,,,,,,,,,,,,,,,
Felix,Uduokhai,FC Augsburg,DEFENDER,63.0,81.0,46.0,,,,,,,,,,,,,,,,,,,,,,,,,,,,,,,
Sergio,Córdova,FC Augsburg,FORWARD,16.0,18.0,-17.0,,,,,,,,,,,,,,,,,,,,,,,,,,,,,,,
Fredrik,Jensen,FC Augsburg,MIDFIELDER,60.0,32.0,-26.0,-2.0,28.0,-17.0,,,,,,,,,,,,,,,,,,,,,,,,,,,,
Mads,Pedersen,FC Augsburg,DEFENDER,-21.0,-1.0,5.0,0.0,53.0,41.0,,,,,,,,,,,,,,,,,,,,,,,,,,,,
Iago Amaral,Borduchi,FC Augsburg,DEFENDER,14.0,53.0,-42.0,107.0,63.0,,,,,,,,,,,,,,,,,,,,,,,,,,,,,
Ruben,Vargas,FC Augsburg,MIDFIELDER,13.0,58.0,51.0,66.0,170.0,-5.0,,,,,,,,,,,,,,,,,,,,,,,,,,,,
Tim,Civeja,FC Augsburg,MIDFIELDER,0.0,0.0,0.0,0.0,0.0,0.0,-21.0,0.0,-4.0,-11.0,0.0,,,,,,,,,,,,,,,,,,,,,,,
Tomás,Koubek,FC Augsburg,GOAL_KEEPER,0.0,0.0,0.0,0.0,0.0,0.0,0.0,0.0,0.0,0.0,0.0,0.0,0.0,0.0,0.0,0.0,0.0,0.0,0.0,0.0,0.0,0.0,0.0,0.0,0.0,0.0,0.0,0.0,0.0,0.0,0.0,0.0,0.0,0.0
Robert,Gumny,FC Augsburg,DEFENDER,16.0,50.0,-6.0,67.0,106.0,11.0,,,,,,,,,,,,,,,,,,,,,,,,,,,,
Frederik Franck,Winther,FC Augsburg,DEFENDER,,,,,,,,,,,,,,,,,,,,,,,,,,,,,,,,,,
Andi Avdi,Zeqiri,FC Augsburg,FORWARD,27.0,48.0,-10.0,,,,,,,,,,,,,,,,,,,,,,,,,,,,,,,
Kevin,Akpoguma,TSG 1889 Hoffenheim,DEFENDER,98.0,103.0,118.0,32.0,,,,,,,,,,,,,,,,,,,,,,,,,,,,,,
Havard,Nordtveit,TSG 1889 Hoffenheim,DEFENDER,0.0,0.0,52.0,0.0,117.0,2.0,0.0,129.0,51.0,34.0,145.0,79.0,2.0,31.0,30.0,33.0,,,,,,,,,,,,,,,,,,
Sebastian,Rudy,TSG 1889 Hoffenheim,MIDFIELDER,197.0,61.0,87.0,21.0,,,,,,,,,,,,,,,,,,,,,,,,,,,,,,
Kevin,Vogt,TSG 1889 Hoffenheim,DEFENDER,114.0,71.0,56.0,20.0,62.0,80.0,,,,,,,,,,,,,,,,,,,,,,,,,,,,
Oliver,Baumann,TSG 1889 Hoffenheim,GOAL_KEEPER,127.0,89.0,156.0,50.0,115.0,60.0,,,,,,,,,,,,,,,,,,,,,,,,,,,,
Ermin,Bicakcic,TSG 1889 Hoffenheim,DEFENDER,115.0,165.0,,,,,,,,,,,,,,,,,,,,,,,,,,,,,,,,
Ihlas,Bebou,TSG 1889 Hoffenheim,FORWARD,30.0,66.0,,,,,,,,,,,,,,,,,,,,,,,,,,,,,,,,
Benjamin,Hübner,TSG 1889 Hoffenheim,DEFENDER,0.0,96.0,-8.0,93.0,203.0,191.0,179.0,115.0,34.0,0.0,153.0,111.0,75.0,190.0,97.0,86.0,25.0,77.0,-14.0,151.0,24.0,103.0,20.0,-70.0,115.0,272.0,107.0,,,,,,,
Florian,Grillitsch,TSG 1889 Hoffenheim,MIDFIELDER,-7.0,108.0,92.0,,,,,,,,,,,,,,,,,,,,,,,,,,,,,,,
Pavel,Kaderábek,TSG 1889 Hoffenheim,DEFENDER,13.0,117.0,171.0,,,,,,,,,,,,,,,,,,,,,,,,,,,,,,,
Mijat,Gacinovic,TSG 1889 Hoffenheim,MIDFIELDER,49.0,26.0,7.0,-15.0,,,,,,,,,,,,,,,,,,,,,,,,,,,,,,
Jacob,Bruun Larsen,TSG 1889 Hoffenheim,MIDFIELDER,175.0,131.0,59.0,-32.0,70.0,33.0,,,,,,,,,,,,,,,,,,,,,,,,,,,,
Andrej,Kramaric,TSG 1889 Hoffenheim,FORWARD,355.0,112.0,62.0,66.0,104.0,184.0,,,,,,,,,,,,,,,,,,,,,,,,,,,,
Dennis,Geiger,TSG 1889 Hoffenheim,MIDFIELDER,115.0,-6.0,22.0,,,,,,,,,,,,,,,,,,,,,,,,,,,,,,,
Stefan,Posch,TSG 1889 Hoffenheim,DEFENDER,127.0,83.0,-3.0,7.0,18.0,,,,,,,,,,,,,,,,,,,,,,,,,,,,,
Joshua,Brenet,TSG 1889 Hoffenheim,DEFENDER,18.0,0.0,0.0,0.0,0.0,0.0,0.0,0.0,0.0,0.0,0.0,0.0,0.0,0.0,0.0,,,,,,,,,,,,,,,,,,,
Christoph,Baumgartner,TSG 1889 Hoffenheim,MIDFIELDER,66.0,28.0,140.0,33.0,107.0,154.0,,,,,,,,,,,,,,,,,,,,,,,,,,,,
Chris,Richards,TSG 1889 Hoffenheim,DEFENDER,18.0,75.0,119.0,183.0,,,,,,,,,,,,,,,,,,,,,,,,,,,,,,
Kasim,Adams,TSG 1889 Hoffenheim,DEFENDER,77.0,0.0,0.0,0.0,0.0,74.0,0.0,0.0,39.0,0.0,-28.0,-5.0,126.0,82.0,111.0,17.0,0.0,0.0,132.0,0.0,94.0,33.0,0.0,0.0,,,,,,,,,,
Sargis,Adamyan,TSG 1889 Hoffenheim,FORWARD,148.0,2.0,-23.0,6.0,63.0,,,,,,,,,,,,,,,,,,,,,,,,,,,,,
David,Raum,TSG 1889 Hoffenheim,DEFENDER,106.0,91.0,33.0,45.0,165.0,176.0,,,,,,,,,,,,,,,,,,,,,,,,,,,,
Philipp,Pentke,TSG 1889 Hoffenheim,GOAL_KEEPER,0.0,0.0,0.0,0.0,20.0,0.0,0.0,0.0,0.0,0.0,0.0,0.0,0.0,0.0,0.0,0.0,0.0,0.0,0.0,0.0,0.0,0.0,0.0,0.0,0.0,0.0,0.0,0.0,0.0,0.0,0.0,89.0,114.0,
Angelo,Stiller,TSG 1889 Hoffenheim,MIDFIELDER,97.0,146.0,29.0,,,,,,,,,,,,,,,,,,,,,,,,,,,,,,,
Robert,Skov,TSG 1889 Hoffenheim,MIDFIELDER,-18.0,29.0,,,,,,,,,,,,,,,,,,,,,,,,,,,,,,,,
Diadie,Samassékou,TSG 1889 Hoffenheim,MIDFIELDER,58.0,-8.0,64.0,56.0,,,,,,,,,,,,,,,,,,,,,,,,,,,,,,
Melayro,Bogarde,TSG 1889 Hoffenheim,DEFENDER,0.0,0.0,0.0,0.0,48.0,0.0,0.0,0.0,-20.0,0.0,0.0,23.0,50.0,0.0,17.0,14.0,0.0,0.0,57.0,0.0,15.0,0.0,0.0,0.0,0.0,0.0,15.0,0.0,0.0,0.0,0.0,,,
Munas,Dabbur,TSG 1889 Hoffenheim,FORWARD,55.0,41.0,76.0,-14.0,,,,,,,,,,,,,,,,,,,,,,,,,,,,,,
Marco,John,TSG 1889 Hoffenheim,DEFENDER,44.0,,,,,,,,,,,,,,,,,,,,,,,,,,,,,,,,,
Georginio,Rutter,TSG 1889 Hoffenheim,FORWARD,204.0,-2.0,-18.0,10.0,27.0,43.0,,,,,,,,,,,,,,,,,,,,,,,,,,,,
Christoph,Kramer,Borussia Mönchengladbach,MIDFIELDER,45.0,-14.0,15.0,30.0,,,,,,,,,,,,,,,,,,,,,,,,,,,,,,
Matthias,Ginter,Borussia Mönchengladbach,DEFENDER,93.0,11.0,92.0,58.0,129.0,,,,,,,,,,,,,,,,,,,,,,,,,,,,,
Jonas,Hofmann,Borussia Mönchengladbach,MIDFIELDER,20.0,68.0,189.0,36.0,132.0,,,,,,,,,,,,,,,,,,,,,,,,,,,,,
Tony,Jantschke,Borussia Mönchengladbach,DEFENDER,123.0,,,,,,,,,,,,,,,,,,,,,,,,,,,,,,,,,
Lars,Stindl,Borussia Mönchengladbach,MIDFIELDER,122.0,-57.0,72.0,283.0,7.0,52.0,,,,,,,,,,,,,,,,,,,,,,,,,,,,
Patrick,Herrmann,Borussia Mönchengladbach,MIDFIELDER,42.0,-13.0,46.0,144.0,90.0,,,,,,,,,,,,,,,,,,,,,,,,,,,,,
Tobias,Sippel,Borussia Mönchengladbach,GOAL_KEEPER,0.0,0.0,0.0,0.0,0.0,0.0,0.0,0.0,0.0,0.0,112.0,0.0,0.0,0.0,0.0,0.0,0.0,0.0,0.0,0.0,0.0,0.0,0.0,0.0,0.0,0.0,0.0,85.0,132.0,43.0,0.0,0.0,0.0,0.0
Yann,Sommer,Borussia Mönchengladbach,GOAL_KEEPER,143.0,-39.0,1.0,119.0,18.0,110.0,,,,,,,,,,,,,,,,,,,,,,,,,,,,
Nico,Elvedi,Borussia Mönchengladbach,DEFENDER,79.0,52.0,54.0,99.0,46.0,115.0,,,,,,,,,,,,,,,,,,,,,,,,,,,,
Breel,Embolo,Borussia Mönchengladbach,FORWARD,17.0,0.0,80.0,,,,,,,,,,,,,,,,,,,,,,,,,,,,,,,
Mamadou,Doucouré,Borussia Mönchengladbach,DEFENDER,0.0,0.0,15.0,0.0,0.0,15.0,0.0,0.0,,,,,,,,,,,,,,,,,,,,,,,,,,
László,Bénes,Borussia Mönchengladbach,MIDFIELDER,14.0,35.0,-10.0,19.0,,,,,,,,,,,,,,,,,,,,,,,,,,,,,,
Denis,Zakaria,Borussia Mönchengladbach,MIDFIELDER,48.0,182.0,51.0,188.0,,,,,,,,,,,,,,,,,,,,,,,,,,,,,,
Louis,Beyer,Borussia Mönchengladbach,DEFENDER,72.0,101.0,62.0,,,,,,,,,,,,,,,,,,,,,,,,,,,,,,,
Keanan,Bennetts,Borussia Mönchengladbach,MIDFIELDER,34.0,-6.0,,,,,,,,,,,,,,,,,,,,,,,,,,,,,,,,
Florian,Neuhaus,Borussia Mönchengladbach,MIDFIELDER,90.0,46.0,76.0,70.0,37.0,,,,,,,,,,,,,,,,,,,,,,,,,,,,,
Alassane,Plea,Borussia Mönchengladbach,FORWARD,133.0,13.0,14.0,120.0,39.0,,,,,,,,,,,,,,,,,,,,,,,,,,,,,
Torben,Müsel,Borussia Mönchengladbach,MIDFIELDER,0.0,,,,,,,,,,,,,,,,,,,,,,,,,,,,,,,,,
Stefan,Lainer,Borussia Mönchengladbach,DEFENDER,70.0,33.0,,,,,,,,,,,,,,,,,,,,,,,,,,,,,,,,
Hannes,Wolf,Borussia Mönchengladbach,MIDFIELDER,49.0,9.0,-3.0,71.0,19.0,48.0,,,,,,,,,,,,,,,,,,,,,,,,,,,,
Marcus,Thuram,Borussia Mönchengladbach,FORWARD,25.0,-22.0,,,,,,,,,,,,,,,,,,,,,,,,,,,,,,,,
Ramy,Bensebaini,Borussia Mönchengladbach,DEFENDER,40.0,86.0,,,,,,,,,,,,,,,,,,,,,,,,,,,,,,,,
Conor,Noß,Borussia Mönchengladbach,MIDFIELDER,0.0,,,,,,,,,,,,,,,,,,,,,,,,,,,,,,,,,
Luca,Netz,Borussia Mönchengladbach,DEFENDER,-9.0,114.0,-2.0,73.0,,,,,,,,,,,,,,,,,,,,,,,,,,,,,,
Joseph,Scally,Borussia Mönchengladbach,DEFENDER,77.0,55.0,104.0,83.0,58.0,99.0,,,,,,,,,,,,,,,,,,,,,,,,,,,,
Emmanuel Kouadio,Koné,Borussia Mönchengladbach,MIDFIELDER,90.0,,,,,,,,,,,,,,,,,,,,,,,,,,,,,,,,,
Dominik,Kohr,FSV Mainz 05,MIDFIELDER,-4.0,62.0,155.0,101.0,34.0,,,,,,,,,,,,,,,,,,,,,,,,,,,,,
Daniel,Brosinski,FSV Mainz 05,DEFENDER,34.0,,,,,,,,,,,,,,,,,,,,,,,,,,,,,,,,,
Adám,Szalai,FSV Mainz 05,FORWARD,-12.0,190.0,27.0,9.0,,,,,,,,,,,,,,,,,,,,,,,,,,,,,,
Stefan,Bell,FSV Mainz 05,DEFENDER,141.0,17.0,113.0,106.0,97.0,23.0,,,,,,,,,,,,,,,,,,,,,,,,,,,,
Kevin,Stöger,FSV Mainz 05,MIDFIELDER,9.0,114.0,0.0,-7.0,,,,,,,,,,,,,,,,,,,,,,,,,,,,,,
Robin,Zentner,FSV Mainz 05,GOAL_KEEPER,179.0,61.0,123.0,113.0,90.0,119.0,,,,,,,,,,,,,,,,,,,,,,,,,,,,
Alexander,Hack,FSV Mainz 05,DEFENDER,176.0,9.0,54.0,77.0,,,,,,,,,,,,,,,,,,,,,,,,,,,,,,
Karim,Onisiwo,FSV Mainz 05,FORWARD,88.0,65.0,45.0,0.0,,,,,,,,,,,,,,,,,,,,,,,,,,,,,,
Finn,Dahmen,FSV Mainz 05,GOAL_KEEPER,0.0,0.0,0.0,0.0,0.0,0.0,0.0,0.0,0.0,0.0,0.0,0.0,0.0,100.0,0.0,0.0,0.0,0.0,0.0,0.0,0.0,0.0,0.0,0.0,0.0,0.0,0.0,0.0,0.0,0.0,0.0,0.0,17.0,106.0
Jonathan,Burkardt,FSV Mainz 05,FORWARD,70.0,-1.0,69.0,154.0,19.0,13.0,,,,,,,,,,,,,,,,,,,,,,,,,,,,
Anderson-Lenda,Lucoqui,FSV Mainz 05,DEFENDER,206.0,111.0,52.0,30.0,,,,,,,,,,,,,,,,,,,,,,,,,,,,,,
Moussa,Niakhate,FSV Mainz 05,DEFENDER,204.0,22.0,141.0,46.0,,,,,,,,,,,,,,,,,,,,,,,,,,,,,,
Aarón,Martín,FSV Mainz 05,DEFENDER,105.0,73.0,21.0,-1.0,,,,,,,,,,,,,,,,,,,,,,,,,,,,,,
Leandro,Barreiro Martins,FSV Mainz 05,MIDFIELDER,103.0,-24.0,153.0,85.0,55.0,30.0,,,,,,,,,,,,,,,,,,,,,,,,,,,,
Jean-Paul,Boëtius,FSV Mainz 05,MIDFIELDER,-3.0,141.0,86.0,64.0,42.0,,,,,,,,,,,,,,,,,,,,,,,,,,,,,
Jae-Sung,Lee,FSV Mainz 05,MIDFIELDER,80.0,-4.0,27.0,26.0,-27.0,,,,,,,,,,,,,,,,,,,,,,,,,,,,,
Marcus,Ingvartsen,FSV Mainz 05,MIDFIELDER,27.0,19.0,130.0,17.0,-20.0,,,,,,,,,,,,,,,,,,,,,,,,,,,,,
Jeremiah,St. Juste,FSV Mainz 05,DEFENDER,30.0,138.0,171.0,96.0,53.0,,,,,,,,,,,,,,,,,,,,,,,,,,,,,
Niklas,Tauer,FSV Mainz 05,FORWARD,86.0,12.0,,,,,,,,,,,,,,,,,,,,,,,,,,,,,,,,
Matondo-Merveille,Papela,FSV Mainz 05,MIDFIELDER,0.0,-18.0,0.0,0.0,0.0,,,,,,,,,,,,,,,,,,,,,,,,,,,,,
Paul,Nebel,FSV Mainz 05,MIDFIELDER,58.0,-5.0,-15.0,,,,,,,,,,,,,,,,,,,,,,,,,,,,,,,
Anton,Stach,FSV Mainz 05,MIDFIELDER,26.0,76.0,22.0,30.0,,,,,,,,,,,,,,,,,,,,,,,,,,,,,,
Silvan Dominic,Widmer,FSV Mainz 05,DEFENDER,89.0,42.0,229.0,74.0,82.0,44.0,,,,,,,,,,,,,,,,,,,,,,,,,,,,
Branimir,Hrgota,Greuther Fürth,FORWARD,-15.0,185.0,-3.0,-5.0,108.0,0.0,,,,,,,,,,,,,,,,,,,,,,,,,,,,
Sascha,Burchert,Greuther Fürth,GOAL_KEEPER,122.0,50.0,69.0,24.0,24.0,72.0,,,,,,,,,,,,,,,,,,,,,,,,,,,,
Julian,Green,Greuther Fürth,MIDFIELDER,-13.0,91.0,6.0,11.0,42.0,,,,,,,,,,,,,,,,,,,,,,,,,,,,,
Havard,Nielsen,Greuther Fürth,FORWARD,-1.0,36.0,22.0,4.0,78.0,2.0,,,,,,,,,,,,,,,,,,,,,,,,,,,,
Paul,Seguin,Greuther Fürth,MIDFIELDER,13.0,86.0,0.0,12.0,101.0,57.0,,,,,,,,,,,,,,,,,,,,,,,,,,,,
Gideon,Jung,Greuther Fürth,DEFENDER,11.0,,,,,,,,,,,,,,,,,,,,,,,,,,,,,,,,,
Jeremy,Dudziak,Greuther Fürth,MIDFIELDER,12.0,-16.0,39.0,25.0,,,,,,,,,,,,,,,,,,,,,,,,,,,,,,
Max,Christiansen,Greuther Fürth,MIDFIELDER,30.0,30.0,-3.0,,,,,,,,,,,,,,,,,,,,,,,,,,,,,,,
Emil,Berggreen,Greuther Fürth,FORWARD,84.0,48.0,106.0,23.0,56.0,-12.0,20.0,-12.0,12.0,213.0,87.0,37.0,48.0,26.0,0.0,,,,,,,,,,,,,,,,,,,
Timothy,Tillman,Greuther Fürth,MIDFIELDER,57.0,,,,,,,,,,,,,,,,,,,,,,,,,,,,,,,,,
Gian-Luca,Itter,Greuther Fürth,DEFENDER,55.0,55.0,-10.0,,,,,,,,,,,,,,,,,,,,,,,,,,,,,,,
Justin,Hoogma,Greuther Fürth,DEFENDER,32.0,102.0,17.0,,,,,,,,,,,,,,,,,,,,,,,,,,,,,,,
Hans Nunoo,Sarpei,Greuther Fürth,MIDFIELDER,-1.0,16.0,35.0,,,,,,,,,,,,,,,,,,,,,,,,,,,,,,,
Adrian,Fein,Greuther Fürth,MIDFIELDER,-3.0,-15.0,,,,,,,,,,,,,,,,,,,,,,,,,,,,,,,,
Jetro,Willems,Greuther Fürth,DEFENDER,40.0,56.0,1.0,,,,,,,,,,,,,,,,,,,,,,,,,,,,,,,
Simon,Asta,Greuther Fürth,DEFENDER,0.0,36.0,,,,,,,,,,,,,,,,,,,,,,,,,,,,,,,,
Sebastian,Griesbeck,Greuther Fürth,MIDFIELDER,19.0,-46.0,16.0,-69.0,,,,,,,,,,,,,,,,,,,,,,,,,,,,,,
Marius,Funk,Greuther Fürth,GOAL_KEEPER,,,,,,,,,,,,,,,,,,,,,,,,,,,,,,,,,,
Nils,Seufert,Greuther Fürth,MIDFIELDER,-14.0,,,,,,,,,,,,,,,,,,,,,,,,,,,,,,,,,
Maximilian,Bauer,Greuther Fürth,DEFENDER,24.0,45.0,42.0,-7.0,-15.0,70.0,,,,,,,,,,,,,,,,,,,,,,,,,,,,
Jessic,Ngankam,Greuther Fürth,FORWARD,0.0,0.0,76.0,0.0,-35.0,0.0,15.0,-11.0,13.0,0.0,14.0,22.0,-20.0,12.0,-10.0,0.0,0.0,-20.0,-7.0,123.0,22.0,-11.0,,,,,,,,,,,,
Dickson,Abiama,Greuther Fürth,FORWARD,80.0,86.0,7.0,-8.0,-2.0,-15.0,,,,,,,,,,,,,,,,,,,,,,,,,,,,
Abdourahmane,Barry,Greuther Fürth,DEFENDER,1.0,-8.0,-31.0,,,,,,,,,,,,,,,,,,,,,,,,,,,,,,,
Elias,Kratzer,Greuther Fürth,DEFENDER,,,,,,,,,,,,,,,,,,,,,,,,,,,,,,,,,,
Marco,Meyerhöfer,Greuther Fürth,DEFENDER,1.0,70.0,69.0,41.0,54.0,46.0,,,,,,,,,,,,,,,,,,,,,,,,,,,,
Jamie,Leweling,Greuther Fürth,MIDFIELDER,95.0,0.0,4.0,-22.0,-17.0,-14.0,,,,,,,,,,,,,,,,,,,,,,,,,,,,
Robin Luca,Kehr,Greuther Fürth,FORWARD,,,,,,,,,,,,,,,,,,,,,,,,,,,,,,,,,,
Cédric Jan,Itten,Greuther Fürth,FORWARD,31.0,6.0,84.0,,,,,,,,,,,,,,,,,,,,,,,,,,,,,,,
Nick,Viergever,Greuther Fürth,DEFENDER,25.0,47.0,13.0,,,,,,,,,,,,,,,,,,,,,,,,,,,,,,,
Niklas,Stark,Hertha BSC,DEFENDER,20.0,51.0,22.0,100.0,152.0,-52.0,,,,,,,,,,,,,,,,,,,,,,,,,,,,
Marvin,Plattenhardt,Hertha BSC,DEFENDER,55.0,40.0,42.0,-2.0,,,,,,,,,,,,,,,,,,,,,,,,,,,,,,
Alexander,Schwolow,Hertha BSC,GOAL_KEEPER,29.0,31.0,13.0,122.0,60.0,16.0,,,,,,,,,,,,,,,,,,,,,,,,,,,,
Peter,Pekarík,Hertha BSC,DEFENDER,26.0,45.0,,,,,,,,,,,,,,,,,,,,,,,,,,,,,,,,
Vladimir,Darida,Hertha BSC,MIDFIELDER,-11.0,137.0,-21.0,,,,,,,,,,,,,,,,,,,,,,,,,,,,,,,
Kevin-Prince,Boateng,Hertha BSC,MIDFIELDER,32.0,2.0,47.0,47.0,,,,,,,,,,,,,,,,,,,,,,,,,,,,,,
Davie,Selke,Hertha BSC,FORWARD,27.0,-8.0,51.0,-23.0,,,,,,,,,,,,,,,,,,,,,,,,,,,,,,
Rune,Jarstein,Hertha BSC,GOAL_KEEPER,0.0,0.0,0.0,0.0,0.0,0.0,0.0,0.0,0.0,0.0,0.0,0.0,0.0,0.0,0.0,0.0,0.0,0.0,78.0,141.0,43.0,56.0,13.0,82.0,9.0,133.0,,,,,,,,
Maximilian,Mittelstädt,Hertha BSC,DEFENDER,26.0,42.0,,,,,,,,,,,,,,,,,,,,,,,,,,,,,,,,
Nils-Jonathan,Körber,Hertha BSC,GOAL_KEEPER,0.0,0.0,0.0,0.0,0.0,0.0,0.0,,,,,,,,,,,,,,,,,,,,,,,,,,,
Lukas,Klünter,Hertha BSC,DEFENDER,28.0,-5.0,17.0,,,,,,,,,,,,,,,,,,,,,,,,,,,,,,,
Suat,Serdar,Hertha BSC,MIDFIELDER,32.0,12.0,26.0,247.0,79.0,-4.0,,,,,,,,,,,,,,,,,,,,,,,,,,,,
Jordan,Torunarigha,Hertha BSC,DEFENDER,-16.0,63.0,,,,,,,,,,,,,,,,,,,,,,,,,,,,,,,,
Marco,Richter,Hertha BSC,MIDFIELDER,11.0,-2.0,0.0,40.0,55.0,-33.0,,,,,,,,,,,,,,,,,,,,,,,,,,,,
Santiago,Ascacibar,Hertha BSC,MIDFIELDER,45.0,32.0,21.0,-3.0,,,,,,,,,,,,,,,,,,,,,,,,,,,,,,
Ishak,Belfodil,Hertha BSC,FORWARD,-14.0,60.0,61.0,-17.0,,,,,,,,,,,,,,,,,,,,,,,,,,,,,,
Dennis,Jastrzembski,Hertha BSC,FORWARD,35.0,32.0,-31.0,,,,,,,,,,,,,,,,,,,,,,,,,,,,,,,
Dedryck,Boyata,Hertha BSC,DEFENDER,65.0,17.0,68.0,42.0,,,,,,,,,,,,,,,,,,,,,,,,,,,,,,
Krzysztof,Piatek,Hertha BSC,FORWARD,2.0,,,,,,,,,,,,,,,,,,,,,,,,,,,,,,,,,
Márton,Dárdai,Hertha BSC,DEFENDER,29.0,218.0,24.0,,,,,,,,,,,,,,,,,,,,,,,,,,,,,,,
Lucas,Tousart,Hertha BSC,MIDFIELDER,6.0,-16.0,91.0,88.0,115.0,-9.0,,,,,,,,,,,,,,,,,,,,,,,,,,,,
Deyovaisio,Zeefuik,Hertha BSC,DEFENDER,12.0,-17.0,6.0,75.0,28.0,20.0,,,,,,,,,,,,,,,,,,,,,,,,,,,,
Stevan,Jovetić,Hertha BSC,FORWARD,104.0,25.0,-11.0,,,,,,,,,,,,,,,,,,,,,,,,,,,,,,,
Linus,Gechter,Hertha BSC,DEFENDER,63.0,67.0,,,,,,,,,,,,,,,,,,,,,,,,,,,,,,,,
Oliver,Christensen,Hertha BSC,GOAL_KEEPER,,,,,,,,,,,,,,,,,,,,,,,,,,,,,,,,,,
Jurgen,Ekkelenkamp,Hertha BSC,MIDFIELDER,144.0,-26.0,,,,,,,,,,,,,,,,,,,,,,,,,,,,,,,,
Myziane,Maolida,Hertha BSC,FORWARD,105.0,65.0,,,,,,,,,,,,,,,,,,,,,,,,,,,,,,,,
Fabian,Klos,Arminia Bielefeld,FORWARD,73.0,142.0,88.0,20.0,90.0,50.0,,,,,,,,,,,,,,,,,,,,,,,,,,,,
Stefan,Ortega,Arminia Bielefeld,GOAL_KEEPER,187.0,69.0,58.0,24.0,152.0,60.0,,,,,,,,,,,,,,,,,,,,,,,,,,,,
Alessandro,Schöpf,Arminia Bielefeld,MIDFIELDER,83.0,-10.0,90.0,109.0,76.0,,,,,,,,,,,,,,,,,,,,,,,,,,,,,
Stefanos,Kapino,Arminia Bielefeld,GOAL_KEEPER,0.0,0.0,0.0,0.0,0.0,0.0,0.0,0.0,0.0,0.0,0.0,0.0,0.0,0.0,0.0,0.0,0.0,,,,,,,,,,,,,,,,,
Robin,Hack,Arminia Bielefeld,MIDFIELDER,6.0,13.0,68.0,50.0,78.0,12.0,,,,,,,,,,,,,,,,,,,,,,,,,,,,
Amos,Pieper,Arminia Bielefeld,DEFENDER,94.0,43.0,97.0,140.0,71.0,,,,,,,,,,,,,,,,,,,,,,,,,,,,,
Manuel,Prietl,Arminia Bielefeld,MIDFIELDER,65.0,84.0,42.0,67.0,60.0,18.0,,,,,,,,,,,,,,,,,,,,,,,,,,,,
Cédric,Brunner,Arminia Bielefeld,DEFENDER,66.0,95.0,57.0,48.0,98.0,44.0,,,,,,,,,,,,,,,,,,,,,,,,,,,,
Janni,Serra,Arminia Bielefeld,FORWARD,-1.0,5.0,9.0,-4.0,,,,,,,,,,,,,,,,,,,,,,,,,,,,,,
Masaya,Okugawa,Arminia Bielefeld,MIDFIELDER,39.0,32.0,32.0,67.0,51.0,1.0,,,,,,,,,,,,,,,,,,,,,,,,,,,,
Sebastian,Vasiliadis,Arminia Bielefeld,MIDFIELDER,19.0,114.0,41.0,27.0,48.0,34.0,33.0,47.0,88.0,67.0,31.0,72.0,45.0,103.0,57.0,83.0,-8.0,111.0,146.0,85.0,97.0,12.0,48.0,49.0,73.0,14.0,86.0,10.0,99.0,33.0,18.0,23.0,,
Florian,Krüger,Arminia Bielefeld,FORWARD,0.0,35.0,33.0,-11.0,-4.0,,,,,,,,,,,,,,,,,,,,,,,,,,,,,
Edimilson,Fernandes,Arminia Bielefeld,MIDFIELDER,8.0,-17.0,-15.0,65.0,109.0,93.0,13.0,96.0,137.0,44.0,56.0,30.0,0.0,0.0,0.0,19.0,98.0,,,,,,,,,,,,,,,,,
Joakim,Nilsson,Arminia Bielefeld,DEFENDER,75.0,70.0,64.0,44.0,98.0,56.0,,,,,,,,,,,,,,,,,,,,,,,,,,,,
Fabian,Kunze,Arminia Bielefeld,MIDFIELDER,75.0,55.0,37.0,-11.0,,,,,,,,,,,,,,,,,,,,,,,,,,,,,,
Jacob Barrett,Laursen,Arminia Bielefeld,DEFENDER,64.0,57.0,25.0,41.0,59.0,45.0,,,,,,,,,,,,,,,,,,,,,,,,,,,,
Nathan,De Medina,Arminia Bielefeld,DEFENDER,4.0,17.0,15.0,-10.0,,,,,,,,,,,,,,,,,,,,,,,,,,,,,,
Vladislav,Cherny,Arminia Bielefeld,MIDFIELDER,,,,,,,,,,,,,,,,,,,,,,,,,,,,,,,,,,
Bryan,Lasme,Arminia Bielefeld,FORWARD,59.0,24.0,30.0,-15.0,0.0,3.0,,,,,,,,,,,,,,,,,,,,,,,,,,,,
Guilherme,Magro Pires Ramos,Arminia Bielefeld,DEFENDER,,,,,,,,,,,,,,,,,,,,,,,,,,,,,,,,,,
Patrick,Wimmer,Arminia Bielefeld,MIDFIELDER,149.0,27.0,42.0,-26.0,,,,,,,,,,,,,,,,,,,,,,,,,,,,,,
Lennart,Czyborra,Arminia Bielefeld,DEFENDER,5.0,1.0,,,,,,,,,,,,,,,,,,,,,,,,,,,,,,,,
Andrés Alberto,Andrade,Arminia Bielefeld,DEFENDER,17.0,-13.0,,,,,,,,,,,,,,,,,,,,,,,,,,,,,,,,
Robert,Tesche,VfL Bochum,MIDFIELDER,-134.0,33.0,-3.0,4.0,,,,,,,,,,,,,,,,,,,,,,,,,,,,,,
Sebastian,Polter,VfL Bochum,FORWARD,153.0,14.0,-3.0,-19.0,60.0,,,,,,,,,,,,,,,,,,,,,,,,,,,,,
Konstantinos,Stafylidis,VfL Bochum,DEFENDER,16.0,73.0,-4.0,3.0,,,,,,,,,,,,,,,,,,,,,,,,,,,,,,
Tom,Weilandt,VfL Bochum,MIDFIELDER,,,,,,,,,,,,,,,,,,,,,,,,,,,,,,,,,,
Michael,Esser,VfL Bochum,GOAL_KEEPER,0.0,0.0,0.0,0.0,,,,,,,,,,,,,,,,,,,,,,,,,,,,,,
Manuel,Riemann,VfL Bochum,GOAL_KEEPER,220.0,139.0,63.0,17.0,47.0,97.0,,,,,,,,,,,,,,,,,,,,,,,,,,,,
Danny,Blum,VfL Bochum,MIDFIELDER,8.0,,,,,,,,,,,,,,,,,,,,,,,,,,,,,,,,,
Anthony,Losilla,VfL Bochum,MIDFIELDER,45.0,101.0,36.0,48.0,1.0,111.0,,,,,,,,,,,,,,,,,,,,,,,,,,,,
Simon,Zoller,VfL Bochum,FORWARD,31.0,176.0,109.0,115.0,,,,,,,,,,,,,,,,,,,,,,,,,,,,,,
Danilo,Soares,VfL Bochum,DEFENDER,44.0,132.0,61.0,100.0,6.0,97.0,,,,,,,,,,,,,,,,,,,,,,,,,,,,
Milos,Pantovic,VfL Bochum,MIDFIELDER,10.0,79.0,4.0,-23.0,,,,,,,,,,,,,,,,,,,,,,,,,,,,,,
Gerrit,Holtmann,VfL Bochum,MIDFIELDER,175.0,10.0,42.0,9.0,54.0,,,,,,,,,,,,,,,,,,,,,,,,,,,,,
Saulo,Decarli,VfL Bochum,DEFENDER,-2.0,,,,,,,,,,,,,,,,,,,,,,,,,,,,,,,,,
Takuma,Asano,VfL Bochum,FORWARD,-16.0,-1.0,13.0,,,,,,,,,,,,,,,,,,,,,,,,,,,,,,,
Elvis,Rexhbecaj,VfL Bochum,MIDFIELDER,65.0,79.0,6.0,76.0,-20.0,84.0,,,,,,,,,,,,,,,,,,,,,,,,,,,,
Eduard,Löwen,VfL Bochum,MIDFIELDER,-18.0,89.0,-25.0,85.0,,,,,,,,,,,,,,,,,,,,,,,,,,,,,,
Herbert,Bockhorn,VfL Bochum,DEFENDER,-6.0,39.0,5.0,-1.0,0.0,66.0,,,,,,,,,,,,,,,,,,,,,,,,,,,,
Silvère,Ganvoula,VfL Bochum,FORWARD,-4.0,-14.0,-28.0,,,,,,,,,,,,,,,,,,,,,,,,,,,,,,,
Maxim,Leitsch,VfL Bochum,DEFENDER,29.0,,,,,,,,,,,,,,,,,,,,,,,,,,,,,,,,,
Christopher,Antwi-Adjei,VfL Bochum,MIDFIELDER,-9.0,50.0,1.0,-7.0,64.0,,,,,,,,,,,,,,,,,,,,,,,,,,,,,
Armel,Bella Kotchap,VfL Bochum,DEFENDER,221.0,30.0,61.0,-38.0,45.0,,,,,,,,,,,,,,,,,,,,,,,,,,,,,
Patrick,Osterhage,VfL Bochum,MIDFIELDER,,,,,,,,,,,,,,,,,,,,,,,,,,,,,,,,,,
Cristian,Gamboa,VfL Bochum,DEFENDER,11.0,85.0,,,,,,,,,,,,,,,,,,,,,,,,,,,,,,,,
Soma,Novothny,VfL Bochum,FORWARD,,,,,,,,,,,,,,,,,,,,,,,,,,,,,,,,,,
Luis,Hartwig,VfL Bochum,FORWARD,,,,,,,,,,,,,,,,,,,,,,,,,,,,,,,,,,
Tarsis,Bonga,VfL Bochum,MIDFIELDER,,,,,,,,,,,,,,,,,,,,,,,,,,,,,,,,,,
Erhan,Mašović,VfL Bochum,DEFENDER,29.0,68.0,,,,,,,,,,,,,,,,,,,,,,,,,,,,,,,,
Yussif Raman,Chibsah,VfL Bochum,MIDFIELDER,,,,,,,,,,,,,,,,,,,,,,,,,,,,,,,,,,
Konstantinos-Vassilios,Lampropoulos,VfL Bochum,DEFENDER,30.0,110.0,63.0,39.0,-24.0,,,,,,,,,,,,,,,,,,,,,,,,,,,,,
Anthony,Modeste,1. FC Köln,FORWARD,157.0,135.0,96.0,177.0,121.0,20.0,,,,,,,,,,,,,,,,,,,,,,,,,,,,
Benno,Schmitz,1. FC Köln,DEFENDER,153.0,125.0,133.0,44.0,53.0,,,,,,,,,,,,,,,,,,,,,,,,,,,,,
Timo,Horn,1. FC Köln,GOAL_KEEPER,119.0,85.0,50.0,70.0,192.0,48.0,,,,,,,,,,,,,,,,,,,,,,,,,,,,
Jonas,Hector,1. FC Köln,MIDFIELDER,124.0,129.0,110.0,79.0,58.0,166.0,,,,,,,,,,,,,,,,,,,,,,,,,,,,
Marvin,Schwäbe,1. FC Köln,GOAL_KEEPER,0.0,,,,,,,,,,,,,,,,,,,,,,,,,,,,,,,,,
Mark,Uth,1. FC Köln,FORWARD,72.0,134.0,47.0,75.0,15.0,,,,,,,,,,,,,,,,,,,,,,,,,,,,,
Jannes,Horn,1. FC Köln,DEFENDER,73.0,45.0,26.0,76.0,47.0,-14.0,15.0,0.0,39.0,32.0,99.0,-24.0,-2.0,0.0,-5.0,74.0,61.0,63.0,61.0,15.0,14.0,0.0,10.0,73.0,-17.0,0.0,42.0,19.0,138.0,43.0,20.0,7.0,15.0,
Florian,Kainz,1. FC Köln,MIDFIELDER,330.0,42.0,212.0,21.0,73.0,,,,,,,,,,,,,,,,,,,,,,,,,,,,,
Salih,Ozcan,1. FC Köln,MIDFIELDER,23.0,23.0,27.0,48.0,,,,,,,,,,,,,,,,,,,,,,,,,,,,,,
Ondrej,Duda,1. FC Köln,MIDFIELDER,22.0,6.0,99.0,3.0,93.0,69.0,,,,,,,,,,,,,,,,,,,,,,,,,,,,
Timo,Hübers,1. FC Köln,DEFENDER,62.0,,,,,,,,,,,,,,,,,,,,,,,,,,,,,,,,,
Jorge,Meré,1. FC Köln,DEFENDER,58.0,42.0,64.0,42.0,66.0,,,,,,,,,,,,,,,,,,,,,,,,,,,,,
Rafael,Czichos,1. FC Köln,DEFENDER,116.0,47.0,118.0,-1.0,22.0,94.0,,,,,,,,,,,,,,,,,,,,,,,,,,,,
Kingsley,Schindler,1. FC Köln,MIDFIELDER,-1.0,,,,,,,,,,,,,,,,,,,,,,,,,,,,,,,,,
Luca,Kilian,1. FC Köln,DEFENDER,11.0,115.0,64.0,31.0,,,,,,,,,,,,,,,,,,,,,,,,,,,,,,
Sebastian,Andersson,1. FC Köln,FORWARD,13.0,-16.0,28.0,69.0,3.0,101.0,,,,,,,,,,,,,,,,,,,,,,,,,,,,
Louis,Schaub,1. FC Köln,MIDFIELDER,32.0,-13.0,129.0,3.0,13.0,,,,,,,,,,,,,,,,,,,,,,,,,,,,,
Niklas,Hauptmann,1. FC Köln,MIDFIELDER,0.0,0.0,0.0,0.0,0.0,0.0,0.0,,,,,,,,,,,,,,,,,,,,,,,,,,,
Noah,Katterbach,1. FC Köln,DEFENDER,-16.0,0.0,0.0,0.0,6.0,-3.0,55.0,44.0,0.0,0.0,26.0,0.0,78.0,32.0,0.0,0.0,47.0,45.0,80.0,0.0,-2.0,0.0,-7.0,101.0,87.0,39.0,62.0,14.0,1.0,0.0,54.0,159.0,,
Kingsley,Ehizibue,1. FC Köln,DEFENDER,32.0,98.0,27.0,30.0,,,,,,,,,,,,,,,,,,,,,,,,,,,,,,
Ellyes,Skhiri,1. FC Köln,MIDFIELDER,138.0,68.0,141.0,25.0,46.0,212.0,,,,,,,,,,,,,,,,,,,,,,,,,,,,
Jan,Thielmann,1. FC Köln,MIDFIELDER,134.0,26.0,40.0,49.0,,,,,,,,,,,,,,,,,,,,,,,,,,,,,,
Tim,Lemperle,1. FC Köln,FORWARD,-8.0,138.0,2.0,,,,,,,,,,,,,,,,,,,,,,,,,,,,,,,
Sava-Arangel,Cestic,1. FC Köln,DEFENDER,0.0,0.0,101.0,59.0,112.0,7.0,0.0,74.0,53.0,-52.0,96.0,45.0,-9.0,3.0,0.0,0.0,0.0,,,,,,,,,,,,,,,,,
Tomáš,Ostrák,1. FC Köln,MIDFIELDER,82.0,6.0,,,,,,,,,,,,,,,,,,,,,,,,,,,,,,,,
Dejan,Ljubičić,1. FC Köln,MIDFIELDER,51.0,6.0,85.0,67.0,51.0,12.0,,,,,,,,,,,,,,,,,,,,,,,,,,,,
Rani,Khedira,Union Berlin,MIDFIELDER,43.0,47.0,82.0,103.0,7.0,105.0,,,,,,,,,,,,,,,,,,,,,,,,,,,,
Niko,Gießelmann,Union Berlin,DEFENDER,42.0,134.0,171.0,116.0,73.0,112.0,,,,,,,,,,,,,,,,,,,,,,,,,,,,
Max,Kruse,Union Berlin,FORWARD,54.0,151.0,140.0,53.0,124.0,101.0,,,,,,,,,,,,,,,,,,,,,,,,,,,,
Anthony,Ujah,Union Berlin,FORWARD,24.0,31.0,59.0,22.0,0.0,114.0,1.0,26.0,-4.0,0.0,15.0,163.0,-18.0,0.0,-1.0,10.0,-4.0,-19.0,70.0,0.0,0.0,0.0,0.0,0.0,0.0,26.0,-29.0,0.0,-19.0,102.0,28.0,19.0,-23.0,212.0
Robin,Knoche,Union Berlin,DEFENDER,142.0,68.0,87.0,90.0,26.0,153.0,,,,,,,,,,,,,,,,,,,,,,,,,,,,
Levin,Öztunali,Union Berlin,MIDFIELDER,28.0,6.0,67.0,82.0,-8.0,,,,,,,,,,,,,,,,,,,,,,,,,,,,,
Andreas,Luthe,Union Berlin,GOAL_KEEPER,51.0,54.0,82.0,149.0,10.0,146.0,,,,,,,,,,,,,,,,,,,,,,,,,,,,
Marvin,Friedrich,Union Berlin,DEFENDER,95.0,8.0,91.0,-43.0,142.0,,,,,,,,,,,,,,,,,,,,,,,,,,,,,
Genki,Haraguchi,Union Berlin,MIDFIELDER,19.0,20.0,90.0,66.0,-13.0,61.0,,,,,,,,,,,,,,,,,,,,,,,,,,,,
Timo,Baumgartl,Union Berlin,DEFENDER,47.0,74.0,103.0,39.0,38.0,,,,,,,,,,,,,,,,,,,,,,,,,,,,,
Grischa,Prömel,Union Berlin,MIDFIELDER,1.0,39.0,63.0,,,,,,,,,,,,,,,,,,,,,,,,,,,,,,,
Kevin,Möhwald,Union Berlin,MIDFIELDER,13.0,,,,,,,,,,,,,,,,,,,,,,,,,,,,,,,,,
Cedric,Teuchert,Union Berlin,FORWARD,15.0,19.0,10.0,1.0,,,,,,,,,,,,,,,,,,,,,,,,,,,,,,
Suleiman,Abdullahi,Union Berlin,FORWARD,-21.0,-7.0,0.0,-5.0,-13.0,0.0,0.0,0.0,0.0,-12.0,128.0,,,,,,,,,,,,,,,,,,,,,,,
Rick,van Drongelen,Union Berlin,DEFENDER,92.0,52.0,30.0,0.0,21.0,34.0,0.0,0.0,43.0,0.0,0.0,0.0,-5.0,0.0,0.0,73.0,68.0,56.0,26.0,4.0,107.0,-9.0,39.0,29.0,85.0,65.0,0.0,0.0,0.0,0.0,,,,
Paul,Jäckel,Union Berlin,DEFENDER,73.0,86.0,114.0,,,,,,,,,,,,,,,,,,,,,,,,,,,,,,,
Frederik,Rönnow,Union Berlin,GOAL_KEEPER,0.0,0.0,42.0,114.0,48.0,123.0,100.0,59.0,58.0,0.0,0.0,0.0,0.0,123.0,54.0,-25.0,24.0,0.0,0.0,0.0,0.0,0.0,,,,,,,,,,,,
Jakob,Busk,Union Berlin,GOAL_KEEPER,0.0,0.0,0.0,,,,,,,,,,,,,,,,,,,,,,,,,,,,,,,
Julian,Ryerson,Union Berlin,DEFENDER,4.0,21.0,49.0,0.0,8.0,32.0,,,,,,,,,,,,,,,,,,,,,,,,,,,,
Christopher,Trimmel,Union Berlin,DEFENDER,21.0,13.0,97.0,97.0,165.0,,,,,,,,,,,,,,,,,,,,,,,,,,,,,
Kevin,Behrens,Union Berlin,FORWARD,12.0,25.0,57.0,143.0,,,,,,,,,,,,,,,,,,,,,,,,,,,,,,
Andreas,Voglsammer,Union Berlin,FORWARD,30.0,10.0,10.0,52.0,96.0,113.0,,,,,,,,,,,,,,,,,,,,,,,,,,,,
Sheraldo,Becker,Union Berlin,FORWARD,6.0,68.0,,,,,,,,,,,,,,,,,,,,,,,,,,,,,,,,
Taiwo,Awoniyi,Union Berlin,FORWARD,115.0,117.0,160.0,50.0,6.0,81.0,,,,,,,,,,,,,,,,,,,,,,,,,,,,
Keita,Endo,Union Berlin,MIDFIELDER,-8.0,,,,,,,,,,,,,,,,,,,,,,,,,,,,,,,,,
Tymoteusz,Puchacz,Union Berlin,DEFENDER,,,,,,,,,,,,,,,,,,,,,,,,,,,,,,,,,,
Paweł Marek,Wszołek,Union Berlin,MIDFIELDER,,,,,,,,,,,,,,,,,,,,,,,,,,,,,,,,,,
Marcel,Halstenberg,RB Leipzig,DEFENDER,119.0,355.0,152.0,0.0,56.0,0.0,148.0,48.0,94.0,86.0,44.0,93.0,166.0,114.0,26.0,15.0,76.0,201.0,159.0,79.0,150.0,62.0,44.0,130.0,0.0,-1.0,102.0,,,,,,,
Willi,Orban,RB Leipzig,DEFENDER,90.0,159.0,75.0,67.0,90.0,167.0,,,,,,,,,,,,,,,,,,,,,,,,,,,,
Lukas,Klostermann,RB Leipzig,DEFENDER,178.0,50.0,-6.0,71.0,231.0,,,,,,,,,,,,,,,,,,,,,,,,,,,,,
Philipp,Tschauner,RB Leipzig,GOAL_KEEPER,0.0,0.0,0.0,0.0,0.0,0.0,0.0,0.0,,,,,,,,,,,,,,,,,,,,,,,,,,
Kevin,Kampl,RB Leipzig,MIDFIELDER,63.0,4.0,66.0,52.0,165.0,,,,,,,,,,,,,,,,,,,,,,,,,,,,,
Benjamin,Henrichs,RB Leipzig,DEFENDER,31.0,,,,,,,,,,,,,,,,,,,,,,,,,,,,,,,,,
Yussuf,Poulsen,RB Leipzig,FORWARD,18.0,-13.0,-10.0,68.0,169.0,,,,,,,,,,,,,,,,,,,,,,,,,,,,,
Péter,Gulácsi,RB Leipzig,GOAL_KEEPER,41.0,169.0,46.0,28.0,85.0,161.0,,,,,,,,,,,,,,,,,,,,,,,,,,,,
Emil,Forsberg,RB Leipzig,MIDFIELDER,59.0,309.0,18.0,5.0,47.0,187.0,,,,,,,,,,,,,,,,,,,,,,,,,,,,
Konrad,Laimer,RB Leipzig,MIDFIELDER,45.0,1.0,130.0,-1.0,37.0,,,,,,,,,,,,,,,,,,,,,,,,,,,,,
Nordi,Mukiele,RB Leipzig,DEFENDER,3.0,35.0,-12.0,68.0,242.0,,,,,,,,,,,,,,,,,,,,,,,,,,,,,
Marcelo,Saracchi,RB Leipzig,DEFENDER,0.0,0.0,181.0,0.0,0.0,113.0,0.0,0.0,18.0,25.0,0.0,,,,,,,,,,,,,,,,,,,,,,,
Tyler,Adams,RB Leipzig,MIDFIELDER,37.0,143.0,22.0,6.0,,,,,,,,,,,,,,,,,,,,,,,,,,,,,,
Amadou,Haidara,RB Leipzig,MIDFIELDER,28.0,100.0,21.0,12.0,186.0,240.0,,,,,,,,,,,,,,,,,,,,,,,,,,,,
Christopher,Nkunku,RB Leipzig,MIDFIELDER,67.0,163.0,29.0,45.0,110.0,373.0,,,,,,,,,,,,,,,,,,,,,,,,,,,,
Joscha,Wosz,RB Leipzig,MIDFIELDER,20.0,0.0,0.0,0.0,0.0,26.0,0.0,0.0,0.0,0.0,0.0,,,,,,,,,,,,,,,,,,,,,,,
André Miguel,Valente Silva,RB Leipzig,FORWARD,18.0,235.0,6.0,-21.0,3.0,33.0,,,,,,,,,,,,,,,,,,,,,,,,,,,,
Dani,Olmo,RB Leipzig,MIDFIELDER,34.0,29.0,,,,,,,,,,,,,,,,,,,,,,,,,,,,,,,,
Jose Angel,Esmoris Tasende,RB Leipzig,MIDFIELDER,108.0,14.0,242.0,,,,,,,,,,,,,,,,,,,,,,,,,,,,,,,
Josep,Martínez Riera,RB Leipzig,GOAL_KEEPER,0.0,0.0,0.0,0.0,0.0,0.0,0.0,0.0,0.0,0.0,0.0,0.0,0.0,0.0,0.0,0.0,0.0,0.0,0.0,0.0,0.0,0.0,0.0,0.0,0.0,0.0,0.0,0.0,29.0,,,,,
Dominik,Szoboszlai,RB Leipzig,MIDFIELDER,20.0,366.0,25.0,30.0,134.0,,,,,,,,,,,,,,,,,,,,,,,,,,,,,
Mohamed,Simakan,RB Leipzig,DEFENDER,111.0,185.0,97.0,48.0,32.0,47.0,,,,,,,,,,,,,,,,,,,,,,,,,,,,
Brian,Brobbey,RB Leipzig,FORWARD,-16.0,-8.0,71.0,,,,,,,,,,,,,,,,,,,,,,,,,,,,,,,
Joško,Gvardiol,RB Leipzig,DEFENDER,172.0,37.0,-5.0,116.0,119.0,,,,,,,,,,,,,,,,,,,,,,,,,,,,,
Ilaix,Moriba,RB Leipzig,MIDFIELDER,,,,,,,,,,,,,,,,,,,,,,,,,,,,,,,,,,
